home,away
Giants,49ers
Bengals,Chargers
Panthers,Ravens
Texans,Cowboys
Buccaneers,Saints
Broncos,Rams
Jaguars,Colts
Bears,Vikings
Titans,Eagles
Raiders,Seahawks
Redskins,Cardinals
Bills,Jets
Packers,Falcons
Browns,Chiefs
Dolphins,Lions
Patriots,Steelers
Ravens,Buccaneers
Jets,Patriots
Falcons,Bears
Colts,Dolphins
Seahawks,Cardinals
49ers,Broncos
Chiefs,Jaguars
Steelers,Raiders
Browns,Bengals
Cowboys,Titans
Rams,Giants
Chargers,Texans
Panthers,Lions
Saints,Packers
Vikings,Bills
Redskins,Eagles
Texans,Colts
Giants,Seahawks
Vikings,Panthers
Cardinals,Chargers
49ers,Redskins
Bears,Saints
Broncos,Bills
Titans,Browns
Dolphins,Jets
Falcons,Bengals
Lions,Packers
Patriots,Chiefs
Eagles,Cowboys
Buccaneers,Rams
Bengals,Buccaneers
Rams,Cowboys
Steelers,Browns
Packers,Panthers
Cardinals,Giants
Chargers,Patriots
Lions,Saints
Jaguars,Jets
Bills,Bears
Eagles,Texans
Seahawks,Vikings
Chiefs,Dolphins
Raiders,Titans
Ravens,Broncos
Falcons,Buccaneers
Panthers,Cardinals
Titans,Redskins
Cowboys,Giants
Browns,Ravens
Jets,Chiefs
Broncos,Chargers
Dolphins,Patriots
Colts,Bengals
Jaguars,Eagles
Bills,Raiders
Saints,Steelers
49ers,Rams
Bears,Packers
Bengals,Steelers
Giants,Falcons
Patriots,Packers
Cowboys,Panthers
Buccaneers,Browns
Colts,Ravens
Broncos,Dolphins
Titans,Jaguars
Texans,Bills
Redskins,Saints
Rams,Raiders
Vikings,Lions
Chargers,Chiefs
Seahawks,49ers
Cardinals,Cowboys
Dolphins,Bills
Ravens,Jaguars
Jets,Vikings
Eagles,Buccaneers
Raiders,Chargers
Lions,Bears
Falcons,Panthers
Packers,Redskins
Browns,Texans
Chiefs,Broncos
Saints,49ers
Rams,Seahawks
Steelers,Colts
Panthers,Buccaneers
Cowboys,Seahawks
Patriots,Broncos
Ravens,Steelers
Jaguars,Texans
Chiefs,Raiders
Jets,Browns
Bills,Lions
Bengals,Titans
Vikings,Bears
Redskins,Colts
Saints,Falcons
49ers,Cardinals
Eagles,Giants
Seahawks,Redskins
Texans,Bengals
Bills,Patriots
Lions,Cowboys
Bears,Eagles
Chargers,Jets
Cardinals,Rams
Colts,Titans
Falcons,Ravens
Browns,Steelers
Raiders,49ers
Giants,Jaguars
Buccaneers,Vikings
Packers,Dolphins
Cardinals,Seahawks
Jets,Dolphins
Eagles,Colts
Titans,Texans
49ers,Chiefs
Vikings,Giants
Panthers,Saints
Jaguars,Redskins
Rams,Chargers
Bears,Patriots
Steelers,Falcons
Ravens,Bengals
Packers,Lions
Broncos,Raiders
Seahawks,Broncos
Lions,Jets
Chiefs,Bills
Giants,Redskins
Colts,Cowboys
Chargers,49ers
Bengals,Browns
Texans,Jaguars
Buccaneers,Panthers
Falcons,Saints
Dolphins,Ravens
Raiders,Patriots
Vikings,Packers
Titans,Steelers
Eagles,Cardinals
Rams,Bears
Panthers,Falcons
Ravens,Titans
Saints,Browns
Texans,Giants
Bears,Lions
Redskins,Rams
Broncos,Colts
Cardinals,Raiders
Buccaneers,Packers
Cowboys,Jaguars
Patriots,Vikings
Steelers,Bengals
Dolphins,Chargers
Jets,Bills
Seahawks,Chiefs
49ers,Eagles
Lions,Patriots
Cowboys,Redskins
Browns,Panthers
Eagles,Rams
Colts,Texans
Saints,Buccaneers
Jaguars,Steelers
Bengals,Ravens
Vikings,Falcons
Giants,Titans
Packers,Bears
Chargers,Broncos
49ers,Seahawks
Bills,Dolphins
Chiefs,Cardinals
Raiders,Jets
Steelers,Texans
Chargers,Raiders
Jets,Broncos
Jaguars,Browns
Seahawks,Eagles
Redskins,Giants
Cardinals,Lions
Ravens,Saints
Packers,Vikings
Titans,Colts
Patriots,Bills
Cowboys,49ers
Buccaneers,Falcons
Chiefs,Rams
Panthers,Bengals
Dolphins,Bears
49ers,Packers
Bengals,Jaguars
Texans,Ravens
Bills,Chargers
Bears,Jets
Lions,Buccaneers
Dolphins,Raiders
Browns,Colts
Falcons,Seahawks
Steelers,Panthers
Rams,Cardinals
Broncos,Chiefs
Saints,Vikings
Eagles,Redskins
Giants,Cowboys
Titans,Patriots
Cowboys,Eagles
Cardinals,49ers
Vikings,Dolphins
Packers,Bills
Jaguars,Titans
Ravens,Browns
Patriots,Jets
Bengals,Saints
Panthers,Bears
Chiefs,Chargers
Redskins,Texans
Colts,Giants
Raiders,Broncos
Seahawks,Rams
Falcons,Lions
Buccaneers,Steelers
Giants,Eagles
Raiders,Chiefs
Bears,Buccaneers
Texans,Titans
Saints,Panthers
Colts,Jaguars
Redskins,Cowboys
Browns,Falcons
Bills,Bengals
Patriots,Dolphins
Chargers,Seahawks
Steelers,Ravens
Lions,Vikings
Broncos,Cardinals
Jets,Packers
Rams,49ers
Packers,Falcons
Jets,Colts
Steelers,Browns
49ers,Giants
Eagles,Falcons
Titans,Steelers
Raiders,Jets
Buccaneers,49ers
Eagles,Buccaneers
Raiders,Titans
Buccaneers,Raiders
Redskins,Jets
Browns,Colts
Bengals,Broncos
Cowboys,Falcons
Dolphins,Texans
Giants,Rams
Panthers,Jaguars
Titans,Raiders
Packers,Vikings
Seahawks,Saints
Chiefs,Chargers
Bills,Patriots
Steelers,Ravens
Lions,Cardinals
49ers,Bears
Eagles,Buccaneers
Cardinals,Seahawks
Buccaneers,Panthers
Jets,Dolphins
Eagles,Patriots
Chargers,Broncos
Jaguars,Bills
Raiders,Bengals
Vikings,Bears
Rams,49ers
Packers,Lions
Saints,Texans
Falcons,Redskins
Colts,Titans
Ravens,Browns
Chiefs,Steelers
Giants,Cowboys
Bengals,Steelers
Chargers,Ravens
Falcons,Buccaneers
49ers,Browns
Lions,Vikings
Texans,Chiefs
Dolphins,Bills
Cardinals,Packers
Redskins,Giants
Colts,Jaguars
Patriots,Jets
Seahawks,Rams
Titans,Saints
Broncos,Raiders
Jets,Cowboys
Ravens,Chiefs
Bills,Eagles
Steelers,Titans
Browns,Bengals
Broncos,Lions
Redskins,Patriots
Saints,Colts
Panthers,Falcons
Texans,Jaguars
Raiders,Chargers
Vikings,49ers
Rams,Cardinals
Bears,Packers
Giants,Dolphins
Steelers,Browns
Panthers,Saints
Bills,Bengals
Cowboys,Cardinals
49ers,Lions
Bears,Raiders
Chiefs,Broncos
Falcons,Vikings
Jaguars,Chargers
Eagles,Redskins
Packers,Seahawks
Patriots,Titans
Buccaneers,Colts
Jaguars,Dolphins
Browns,Raiders
Redskins,Buccaneers
Patriots,Giants
Broncos,Steelers
Cardinals,Ravens
Saints,Bears
Seahawks,49ers
Colts,Panthers
Cowboys,Eagles
Jets,Bills
Packers,Chiefs
Titans,Texans
Rams,Falcons
Lions,Cowboys
Giants,Eagles
Dolphins,Patriots
Texans,Jets
Panthers,Titans
Falcons,Saints
Browns,Chargers
Bills,Redskins
49ers,Buccaneers
Seahawks,Bears
Vikings,Broncos
Rams,Packers
Bengals,Ravens
Raiders,Chiefs
Patriots,Browns
Buccaneers,Cowboys
Cardinals,49ers
Vikings,Giants
Jaguars,Titans
Saints,Panthers
Steelers,Rams
Bears,Lions
Eagles,Jets
Ravens,Broncos
Bengals,Seahawks
Colts,Texans
Chiefs,Bills
Chargers,Dolphins
Texans,Panthers
Buccaneers,Saints
Falcons,Eagles
Cardinals,Bengals
Dolphins,Colts
Bears,Chargers
Cowboys,Redskins
Lions,Raiders
Seahawks,Steelers
Ravens,Jaguars
Vikings,Packers
Jets,Giants
49ers,Rams
Broncos,Patriots
Giants,Falcons
Cowboys,Bills
Lions,Bears
Raiders,Jets
Redskins,Seahawks
Panthers,Buccaneers
Steelers,Cardinals
Jaguars,Colts
Titans,Dolphins
Rams,Ravens
Bengals,Texans
Chiefs,Browns
Chargers,Vikings
Packers,Eagles
Dolphins,Ravens
Titans,Jaguars
Bills,Texans
Patriots,Cowboys
Buccaneers,Packers
Panthers,Redskins
Bears,Rams
Saints,Falcons
Bengals,Chiefs
Eagles,Giants
Raiders,Vikings
Seahawks,Lions
Broncos,Chargers
Colts,Jets
Browns,Cardinals
49ers,Steelers
Browns,Steelers
Broncos,Bears
Jets,Jaguars
Bills,Colts
Packers,49ers
Texans,Patriots
Vikings,Lions
Cowboys,Panthers
Dolphins,Redskins
Chiefs,Raiders
Cardinals,Rams
Chargers,Bengals
Falcons,Titans
Eagles,Saints
Ravens,Seahawks
Buccaneers,Giants
Cowboys,Dolphins
Lions,Packers
Giants,Bills
Raiders,Broncos
Panthers,Eagles
Jaguars,Buccaneers
Texans,Falcons
Steelers,Bengals
Redskins,Saints
Chargers,Chiefs
Bears,Cardinals
Seahawks,Browns
Colts,Patriots
Ravens,49ers
Rams,Vikings
Jets,Titans
Lions,Chargers
Saints,Buccaneers
Giants,Redskins
Patriots,Dolphins
Bills,Jets
Falcons,Panthers
Jaguars,Texans
Steelers,Raiders
Titans,Colts
Ravens,Bengals
Vikings,Seahawks
Packers,Bears
Eagles,Cowboys
Broncos,Chiefs
49ers,Cardinals
Browns,Rams
Redskins,Cowboys
Jets,Steelers
Bears,Vikings
Buccaneers,Texans
Cardinals,Panthers
Raiders,Ravens
Chargers,Packers
Broncos,Browns
Patriots,Jaguars
Rams,Seahawks
Titans,Bills
Colts,Falcons
Bengals,49ers
Saints,Giants
Chiefs,Lions
Dolphins,Eagles
Jets,Patriots
Buccaneers,Falcons
Vikings,Chiefs
Browns,Ravens
Bills,Dolphins
Colts,Broncos
Cowboys,Giants
Panthers,Lions
Jaguars,Saints
Texans,Titans
Rams,Bengals
Bears,Redskins
Seahawks,Cardinals
Eagles,49ers
Steelers,Chargers
Raiders,Packers
Redskins,Eagles
49ers,Seahawks
Patriots,Bills
Saints,Cowboys
Ravens,Steelers
Bengals,Browns
Texans,Colts
Cardinals,Vikings
Falcons,Jaguars
Chargers,Raiders
Dolphins,Jets
Giants,Panthers
Lions,Rams
Chiefs,Bears
Packers,Broncos
Titans,Buccaneers
Ravens,Titans
Panthers,Cowboys
Packers,Seahawks
Colts,Broncos
Patriots,Titans
Rams,Panthers
Eagles,Packers
Chiefs,Colts
Eagles,Panthers
Patriots,Colts
Patriots,Panthers
Patriots,Colts
Dolphins,Titans
Saints,Seahawks
Bills,Jaguars
Redskins,Buccaneers
Bears,Lions
Rams,Cardinals
49ers,Falcons
Browns,Ravens
Texans,Chargers
Steelers,Raiders
Eagles,Giants
Jets,Bengals
Broncos,Chiefs
Vikings,Cowboys
Panthers,Packers
Buccaneers,Seahawks
Jaguars,Broncos
Packers,Bears
Cardinals,Patriots
Raiders,Bills
Bengals,Dolphins
Chiefs,Panthers
Titans,Colts
Cowboys,Browns
Giants,Redskins
Lions,Texans
Chargers,Jets
Ravens,Steelers
Saints,49ers
Falcons,Rams
Eagles,Vikings
Dolphins,Steelers
Falcons,Cardinals
Bengals,Ravens
Titans,Jaguars
Lions,Eagles
Chiefs,Texans
Broncos,Chargers
Rams,Saints
Giants,Browns
Vikings,Bears
Raiders,Buccaneers
Seahawks,49ers
Colts,Packers
Redskins,Cowboys
Packers,Giants
Dolphins,Jets
Bears,Eagles
Panthers,Falcons
Buccaneers,Broncos
49ers,Rams
Browns,Redskins
Jaguars,Colts
Bills,Patriots
Steelers,Bengals
Texans,Raiders
Cardinals,Saints
Chargers,Titans
Ravens,Chiefs
Falcons,Lions
Redskins,Ravens
Cowboys,Giants
Jets,Bills
Saints,Buccaneers
Broncos,Panthers
Patriots,Dolphins
Seahawks,Rams
Texans,Vikings
49ers,Cardinals
Chargers,Jaguars
Steelers,Browns
Colts,Raiders
Packers,Titans
Raiders,Broncos
Bears,Redskins
Titans,Texans
Lions,Packers
Bills,Dolphins
Cowboys,Steelers
Falcons,Chargers
Jets,49ers
Jaguars,Chiefs
Eagles,Panthers
Patriots,Seahawks
Saints,Vikings
Browns,Bengals
Rams,Buccaneers
Panthers,Chargers
Patriots,Jets
Giants,Lions
Buccaneers,Bears
Vikings,Titans
Ravens,Bills
Colts,Jaguars
Cardinals,Seahawks
Raiders,Saints
Dolphins,Rams
Browns,Eagles
Packers,Cowboys
Chiefs,Falcons
Bengals,Broncos
Vikings,Giants
Redskins,Packers
Eagles,Ravens
Texans,Jaguars
Bears,49ers
Seahawks,Panthers
Titans,Bengals
Broncos,Falcons
Cowboys,Lions
Steelers,Patriots
Bills,Cardinals
Chargers,Raiders
Chiefs,Colts
Jets,Dolphins
Lions,Redskins
Giants,Bears
Bills,Jets
Rams,Patriots
Dolphins,Cardinals
Panthers,Raiders
Bengals,Cowboys
Steelers,Eagles
Ravens,Browns
49ers,Seahawks
Broncos,Texans
Buccaneers,Chiefs
Chargers,Saints
Colts,Vikings
Redskins,Bengals
Browns,Steelers
Cardinals,Giants
Titans,Bears
Jets,Ravens
Rams,Seahawks
Jaguars,Lions
Falcons,Buccaneers
Saints,Chiefs
49ers,Panthers
Patriots,Bills
Packers,Vikings
Colts,Texans
Cowboys,Eagles
Browns,Jets
Giants,Falcons
Bears,Colts
Texans,Packers
Saints,Broncos
Bengals,Steelers
Jaguars,Titans
Raiders,Chargers
Vikings,Lions
Seahawks,Dolphins
Eagles,Redskins
Ravens,Cowboys
Buccaneers,49ers
Panthers,Cardinals
Bills,Rams
Chiefs,Patriots
Lions,Colts
Cowboys,Bears
Cardinals,Jets
Giants,Eagles
Seahawks,Bills
Steelers,Redskins
49ers,Dolphins
Panthers,Buccaneers
Patriots,Ravens
Falcons,Saints
Broncos,Raiders
Vikings,Jaguars
Texans,Titans
Chiefs,Chargers
Bengals,Browns
Packers,Rams
Browns,Patriots
Rams,49ers
Jaguars,Steelers
Chargers,Broncos
Saints,Panthers
Bears,Vikings
Lions,Cardinals
Ravens,Bengals
Buccaneers,Falcons
Raiders,Chiefs
Jets,Texans
Redskins,Giants
Dolphins,Bills
Eagles,Packers
Colts,Titans
Seahawks,Cowboys
Cowboys,Saints
Redskins,Eagles
Texans,Colts
Packers,Lions
Steelers,Jets
Panthers,Rams
Broncos,Dolphins
Jaguars,Bears
Vikings,Seahawks
Cardinals,49ers
Chargers,Buccaneers
Falcons,Raiders
Patriots,Bengals
Bills,Browns
Ravens,Giants
Titans,Chiefs
49ers,Redskins
Giants,Steelers
Falcons,Panthers
Browns,Chargers
Bears,Texans
Eagles,Cowboys
Buccaneers,Saints
Bengals,Bills
Colts,Ravens
Packers,Jaguars
Lions,Vikings
Cardinals,Rams
Jets,Seahawks
Raiders,Titans
Chiefs,Broncos
Dolphins,Patriots
Vikings,Packers
Titans,Broncos
Chiefs,Raiders
Jaguars,Texans
Jets,Patriots
49ers,Bills
Dolphins,Browns
Cowboys,Redskins
Lions,Bears
Steelers,Ravens
Buccaneers,Panthers
Bengals,Giants
Seahawks,Cardinals
Saints,Falcons
Colts,Chargers
Rams,Eagles
Raiders,Jaguars
Eagles,Bengals
Cardinals,Buccaneers
Texans,Browns
Bears,Packers
Panthers,Saints
Patriots,49ers
Redskins,Vikings
Chargers,Chiefs
Titans,Lions
Bills,Steelers
Giants,Cowboys
Seahawks,Falcons
Ravens,Dolphins
Rams,Jets
Broncos,Colts
Chargers,Jets
Seahawks,Rams
Packers,Vikings
Colts,Broncos
Steelers,Jets
Falcons,Rams
Patriots,Colts
Eagles,Vikings
Eagles,Falcons
Steelers,Patriots
Eagles,Patriots
Patriots,Raiders
Ravens,Colts
Redskins,Bears
Vikings,Buccaneers
Browns,Bengals
Lions,Packers
Panthers,Saints
Bills,Texans
Chargers,Cowboys
Jaguars,Seahawks
Chiefs,Jets
49ers,Rams
Steelers,Titans
Dolphins,Broncos
Giants,Cardinals
Falcons,Eagles
Texans,Steelers
Colts,Jaguars
Cardinals,Rams
Jets,Dolphins
Raiders,Chiefs
Buccaneers,Bills
Broncos,Chargers
Seahawks,Falcons
Packers,Browns
Titans,Ravens
Panthers,Patriots
Bengals,Vikings
Bears,Lions
Eagles,49ers
Saints,Giants
Cowboys,Redskins
Bears,Bengals
Colts,Browns
Packers,Buccaneers
Bills,Falcons
Steelers,Patriots
Jets,Jaguars
Eagles,Raiders
Dolphins,Panthers
Rams,Titans
49ers,Cowboys
Vikings,Saints
Seahawks,Cardinals
Chargers,Giants
Broncos,Chiefs
Jaguars,Broncos
Titans,Colts
Ravens,Jets
Bengals,Texans
Buccaneers,Lions
Patriots,Chargers
Saints,Bills
Raiders,Cowboys
Redskins,Seahawks
Falcons,Vikings
Cardinals,49ers
Chiefs,Eagles
Giants,Rams
Panthers,Packers
49ers,Colts
Jets,Buccaneers
Browns,Bears
Bills,Dolphins
Cardinals,Panthers
Texans,Titans
Broncos,Redskins
Jaguars,Bengals
Falcons,Patriots
Rams,Seahawks
Cowboys,Eagles
Lions,Ravens
Packers,Saints
Chargers,Steelers
Raiders,Chargers
Ravens,Browns
Cowboys,Giants
Steelers,Jaguars
Lions,Panthers
Titans,Bengals
Buccaneers,Dolphins
Bills,Jets
Bears,Vikings
Broncos,Patriots
Chiefs,Redskins
Saints,Falcons
Seahawks,Texans
Colts,Rams
Dolphins,Chiefs
Bears,Ravens
Browns,Lions
Seahawks,Cowboys
Bengals,Steelers
Cardinals,Titans
Eagles,Chargers
Texans,Colts
Vikings,Packers
Giants,Broncos
Rams,Saints
Raiders,Bills
Redskins,49ers
Falcons,Jets
Saints,Dolphins
Lions,Bears
49ers,Buccaneers
Texans,Browns
Bengals,Packers
Patriots,Bills
Rams,Jaguars
Titans,Raiders
Chargers,Chiefs
Cowboys,Cardinals
Giants,Redskins
Panthers,Vikings
Broncos,Eagles
Steelers,Ravens
49ers,Giants
Ravens,Bengals
Dolphins,Falcons
Packers,Steelers
Buccaneers,Panthers
Redskins,Eagles
Saints,Bears
Cardinals,Seahawks
Browns,Titans
Jaguars,Texans
Jets,Chargers
Vikings,Lions
Chiefs,Raiders
Patriots,Colts
Bills,Chiefs
Dolphins,Patriots
Bears,49ers
Raiders,Broncos
Giants,Vikings
Falcons,Packers
Lions,Cardinals
Jaguars,Ravens
Panthers,Jets
Seahawks,Rams
Colts,Texans
Steelers,Browns
Buccaneers,Redskins
Eagles,Cowboys
Bears,Panthers
Redskins,Raiders
Ravens,Steelers
Texans,Chiefs
Cowboys,Lions
Browns,Dolphins
Patriots,Saints
49ers,Seahawks
Broncos,Jets
Giants,Eagles
Falcons,Buccaneers
Titans,Jaguars
Rams,Cardinals
Bengals,Colts
Chargers,Bills
Packers,Vikings
Lions,Falcons
Cowboys,Broncos
Bills,Panthers
Buccaneers,Bears
Redskins,Chargers
Cardinals,Jaguars
Eagles,Packers
Jets,Saints
Raiders,Dolphins
Vikings,Browns
Seahawks,Giants
Chiefs,Patriots
Texans,Rams
Titans,49ers
Bengals,Ravens
Colts,Steelers
Saints,Buccaneers
Rams,Redskins
49ers,Cardinals
Browns,Jaguars
Patriots,Jets
Ravens,Texans
Lions,Vikings
Giants,Cowboys
Bears,Packers
Panthers,Falcons
Dolphins,Bills
Chiefs,Broncos
Steelers,Bengals
Chargers,Raiders
Colts,Titans
Eagles,Seahawks
Bills,Patriots
Panthers,Buccaneers
Broncos,Ravens
Titans,Texans
Cardinals,Redskins
Packers,Lions
Jaguars,Colts
Steelers,Bears
Chargers,Dolphins
Bengals,Browns
Eagles,Giants
Jets,Raiders
Vikings,Rams
Cowboys,Chiefs
Seahawks,49ers
Falcons,Saints
Bills,Broncos
Giants,Chiefs
Patriots,Buccaneers
Vikings,Steelers
Raiders,Browns
Jaguars,49ers
Saints,Panthers
Bears,Falcons
Rams,Eagles
Colts,Chargers
Lions,Bengals
Dolphins,Jets
Titans,Seahawks
Texans,Cardinals
Redskins,Cowboys
Ravens,Packers
Browns,Steelers
Saints,Lions
Chiefs,Chargers
Rams,49ers
Panthers,Cowboys
Texans,Jaguars
Broncos,Raiders
Dolphins,Titans
Cardinals,Eagles
Buccaneers,Falcons
Bengals,Bills
Seahawks,Colts
Redskins,Giants
Packers,Bears
Ravens,Vikings
Jets,Patriots
Chargers,Broncos
Raiders,Giants
Cowboys,Rams
Falcons,Panthers
Colts,Cardinals
Browns,Ravens
49ers,Texans
Eagles,Redskins
Packers,Seahawks
Patriots,Dolphins
Buccaneers,Saints
Jets,Bills
Vikings,Bears
Steelers,Lions
Chiefs,Bengals
Jaguars,Titans
Buccaneers,Redskins
Patriots,Jaguars
Giants,Panthers
Bengals,Steelers
Seahawks,Redskins
Broncos,Patriots
Colts,Steelers
Bears,Panthers
Broncos,Steelers
Seahawks,Panthers
Steelers,Seahawks
Steelers,Dolphins
Packers,Bears
Buccaneers,Ravens
Lions,Seahawks
Panthers,Falcons
Chiefs,Bengals
Texans,Eagles
Browns,Saints
Titans,Jets
Rams,Broncos
Patriots,Bills
Giants,Colts
Jaguars,Cowboys
Cardinals,49ers
Raiders,Chargers
Redskins,Vikings
Dolphins,Bills
Broncos,Chiefs
Falcons,Buccaneers
Vikings,Panthers
Jets,Patriots
49ers,Rams
Seahawks,Cardinals
Eagles,Giants
Cowboys,Redskins
Packers,Saints
Ravens,Raiders
Bears,Lions
Bengals,Browns
Chargers,Titans
Colts,Texans
Jaguars,Steelers
Patriots,Broncos
Dolphins,Titans
Browns,Ravens
Cardinals,Rams
Texans,Redskins
Vikings,Bears
Bills,Jets
Steelers,Bengals
Colts,Jaguars
Buccaneers,Panthers
Lions,Packers
49ers,Eagles
Seahawks,Giants
Saints,Falcons
Bengals,Patriots
Titans,Cowboys
Ravens,Chargers
Bills,Vikings
Texans,Dolphins
Panthers,Saints
Raiders,Browns
Jets,Colts
Falcons,Cardinals
Redskins,Jaguars
Bears,Seahawks
Chiefs,49ers
Rams,Lions
Eagles,Packers
Colts,Titans
Giants,Redskins
Patriots,Dolphins
Panthers,Browns
Packers,Rams
Cardinals,Chiefs
Chargers,Steelers
Saints,Buccaneers
Vikings,Lions
49ers,Raiders
Eagles,Cowboys
Bears,Bills
Jaguars,Jets
Broncos,Ravens
Broncos,Raiders
Buccaneers,Bengals
Falcons,Giants
49ers,Chargers
Lions,Bills
Jets,Dolphins
Ravens,Panthers
Redskins,Titans
Saints,Eagles
Rams,Seahawks
Cowboys,Texans
Steelers,Chiefs
Cardinals,Bears
Bills,Patriots
Browns,Broncos
Seahawks,Vikings
Bengals,Panthers
Raiders,Cardinals
Buccaneers,Eagles
Dolphins,Packers
Texans,Jaguars
Chiefs,Chargers
Jets,Lions
Colts,Redskins
Falcons,Steelers
Cowboys,Giants
Eagles,Jaguars
Panthers,Cowboys
Giants,Buccaneers
Browns,Jets
Raiders,Steelers
Saints,Ravens
Bengals,Falcons
Titans,Texans
Packers,Cardinals
Broncos,Colts
Chiefs,Seahawks
Chargers,Rams
Bears,49ers
Vikings,Patriots
49ers,Vikings
Bears,Dolphins
Giants,Texans
Buccaneers,Saints
Rams,Chiefs
Patriots,Colts
Steelers,Broncos
Redskins,Cowboys
Bills,Packers
Ravens,Bengals
Lions,Falcons
Chargers,Browns
Jaguars,Titans
Seahawks,Raiders
Jaguars,Texans
Cardinals,Cowboys
Dolphins,Chiefs
Falcons,Browns
Raiders,Broncos
Lions,49ers
Patriots,Jets
Colts,Bills
Vikings,Packers
Giants,Bears
Seahawks,Rams
Titans,Ravens
Eagles,Redskins
Steelers,Saints
Bengals,Chargers
Panthers,Buccaneers
Jets,Bears
Packers,Patriots
Eagles,Titans
Panthers,Rams
Saints,Bengals
Cardinals,Lions
Chiefs,Raiders
49ers,Seahawks
Buccaneers,Redskins
Browns,Steelers
Cowboys,Colts
Texans,Bills
Ravens,Falcons
Dolphins,Vikings
Broncos,Chargers
Jaguars,Giants
Lions,Dolphins
Chiefs,Broncos
Cowboys,Buccaneers
Browns,Bengals
Falcons,Saints
Redskins,Panthers
Patriots,Bears
Rams,49ers
Chargers,Raiders
Titans,Giants
Jets,Texans
Ravens,Steelers
Bills,Jaguars
Vikings,Cardinals
Colts,Eagles
Seahawks,Packers
Bengals,Ravens
Dolphins,Jaguars
Packers,Jets
Raiders,Texans
Redskins,Falcons
Steelers,Buccaneers
Titans,Colts
Giants,Cowboys
Broncos,Seahawks
Rams,Cardinals
Bills,Chargers
Bears,Vikings
Patriots,Lions
Browns,Chiefs
Saints,49ers
Eagles,Panthers
Steelers,Browns
Buccaneers,Falcons
Chiefs,Ravens
Panthers,Giants
Jets,Bills
Cowboys,Saints
Redskins,Eagles
49ers,Packers
Texans,Titans
Lions,Vikings
Dolphins,Patriots
Bengals,Raiders
Cardinals,Seahawks
Jaguars,Colts
Chargers,Broncos
Rams,Bears
Seahawks,49ers
Falcons,Cowboys
Raiders,Rams
Panthers,Steelers
Saints,Redskins
Vikings,Jets
Packers,Lions
Chargers,Chiefs
Cardinals,Broncos
Bills,Dolphins
Giants,Eagles
Titans,Jaguars
Ravens,Browns
Bears,Buccaneers
Patriots,Texans
Colts,Bengals
Packers,Vikings
Raiders,Chiefs
Falcons,Panthers
Browns,Buccaneers
Giants,Saints
Steelers,Ravens
Seahawks,Chargers
49ers,Cardinals
Jaguars,Patriots
Lions,Bears
Broncos,Bengals
Texans,Colts
Bills,Titans
Rams,Redskins
Cowboys,Eagles
Dolphins,Jets
Redskins,Giants
Buccaneers,Seahawks
Bears,Packers
Texans,Browns
Bengals,Steelers
Ravens,Bills
Saints,Panthers
Vikings,Rams
Jets,Raiders
Broncos,49ers
Titans,Patriots
Eagles,Falcons
Chargers,Cardinals
Colts,Dolphins
Cowboys,Lions
Chiefs,Jaguars
Seahawks,Cowboys
Colts,Chiefs
Eagles,Giants
Patriots,Jets
Ravens,Colts
Saints,Eagles
Chargers,Patriots
Bears,Seahawks
Colts,Patriots
Bears,Saints
Bears,Colts
Colts,Saints
Browns,Steelers
Jaguars,Titans
Rams,Panthers
Chargers,Bears
Bills,Broncos
Jets,Patriots
Packers,Eagles
Redskins,Dolphins
Texans,Chiefs
Seahawks,Buccaneers
Raiders,Lions
Vikings,Falcons
Cowboys,Giants
49ers,Cardinals
Bengals,Ravens
Jaguars,Falcons
Giants,Packers
Rams,49ers
Bears,Chiefs
Ravens,Jets
Lions,Vikings
Titans,Colts
Dolphins,Cowboys
Panthers,Texans
Cardinals,Seahawks
Broncos,Raiders
Steelers,Bills
Buccaneers,Saints
Patriots,Chargers
Browns,Bengals
Eagles,Redskins
Bears,Cowboys
Chiefs,Vikings
Broncos,Jaguars
Redskins,Giants
Falcons,Panthers
Buccaneers,Rams
Seahawks,Bengals
Texans,Colts
Ravens,Cardinals
Raiders,Browns
Packers,Chargers
Jets,Dolphins
Steelers,49ers
Patriots,Bills
Eagles,Lions
Saints,Titans
49ers,Seahawks
Panthers,Buccaneers
Giants,Eagles
Vikings,Packers
Chargers,Chiefs
Bills,Jets
Dolphins,Raiders
Cardinals,Steelers
Falcons,Texans
Browns,Ravens
Cowboys,Rams
Lions,Bears
Colts,Broncos
Bengals,Patriots
Broncos,Chargers
49ers,Ravens
Chiefs,Jaguars
Saints,Panthers
Titans,Falcons
Packers,Bears
Steelers,Seahawks
Texans,Dolphins
Rams,Cardinals
Colts,Buccaneers
Redskins,Lions
Patriots,Browns
Giants,Jets
Bills,Cowboys
Jets,Eagles
Cardinals,Panthers
Buccaneers,Titans
Packers,Redskins
Seahawks,Saints
Ravens,Rams
Chiefs,Bengals
Cowboys,Patriots
Chargers,Raiders
Bears,Vikings
Jaguars,Texans
Browns,Dolphins
Falcons,Giants
Raiders,Chiefs
Eagles,Bears
Bills,Ravens
Redskins,Cardinals
Saints,Falcons
Lions,Buccaneers
Cowboys,Vikings
Dolphins,Patriots
Broncos,Steelers
Seahawks,Rams
Giants,49ers
Texans,Titans
Bengals,Jets
Jaguars,Colts
Jets,Bills
Bears,Lions
Panthers,Colts
Dolphins,Giants
49ers,Saints
Titans,Raiders
Bengals,Steelers
Vikings,Eagles
Rams,Browns
Buccaneers,Jaguars
Chargers,Texans
Patriots,Redskins
Broncos,Packers
Buccaneers,Cardinals
Raiders,Texans
Eagles,Cowboys
Titans,Panthers
Falcons,49ers
Jets,Redskins
Colts,Patriots
Chiefs,Packers
Bills,Bengals
Browns,Seahawks
Vikings,Chargers
Saints,Jaguars
Lions,Broncos
Steelers,Ravens
Raiders,Bears
Ravens,Bengals
Dolphins,Bills
Chiefs,Broncos
Panthers,Falcons
Titans,Jaguars
Giants,Cowboys
Chargers,Colts
Redskins,Eagles
Saints,Rams
Cardinals,Lions
Steelers,Browns
Packers,Vikings
Seahawks,49ers
Falcons,Buccaneers
49ers,Rams
Lions,Giants
Bills,Patriots
Colts,Chiefs
Eagles,Dolphins
Jets,Steelers
Texans,Saints
Jaguars,Chargers
Bengals,Cardinals
Cowboys,Redskins
Vikings,Raiders
Seahawks,Bears
Ravens,Browns
Packers,Panthers
Broncos,Titans
Falcons,Colts
Lions,Packers
Cowboys,Jets
Panthers,Saints
Chiefs,Raiders
Giants,Vikings
Buccaneers,Redskins
Rams,Seahawks
Browns,Texans
Patriots,Eagles
Cardinals,49ers
Chargers,Ravens
Bengals,Titans
Jaguars,Bills
Bears,Broncos
Steelers,Dolphins
Cowboys,Packers
Chiefs,Chargers
Dolphins,Jets
Redskins,Bills
Bears,Giants
Saints,Buccaneers
Steelers,Bengals
Eagles,Seahawks
Cardinals,Browns
Rams,Falcons
Titans,Texans
Colts,Jaguars
Panthers,49ers
Raiders,Broncos
Vikings,Lions
Ravens,Patriots
Redskins,Bears
49ers,Vikings
Eagles,Giants
Titans,Chargers
Jets,Browns
Bengals,Rams
Ravens,Colts
Lions,Cowboys
Texans,Buccaneers
Patriots,Steelers
Jaguars,Panthers
Packers,Raiders
Bills,Dolphins
Broncos,Chiefs
Seahawks,Cardinals
Falcons,Saints
Texans,Broncos
49ers,Bengals
Cowboys,Eagles
Browns,Bills
Giants,Redskins
Panthers,Seahawks
Raiders,Colts
Rams,Packers
Chiefs,Titans
Patriots,Jets
Dolphins,Ravens
Steelers,Jaguars
Saints,Cardinals
Buccaneers,Falcons
Chargers,Lions
Vikings,Bears
Rams,Steelers
Panthers,Cowboys
Titans,Jets
Bengals,Browns
49ers,Buccaneers
Vikings,Redskins
Bills,Giants
Saints,Eagles
Lions,Chiefs
Seahawks,Ravens
Patriots,Dolphins
Cardinals,Falcons
Bears,Packers
Colts,Texans
Jaguars,Raiders
Chargers,Broncos
Giants,Patriots
Colts,Titans
Jets,Chiefs
Eagles,Bills
Raiders,Chargers
Browns,49ers
Broncos,Vikings
Buccaneers,Panthers
Dolphins,Bengals
Ravens,Steelers
Bears,Saints
Packers,Lions
Texans,Jaguars
Falcons,Seahawks
Cardinals,Rams
Steelers,Jaguars
Seahawks,Redskins
Buccaneers,Giants
Chargers,Titans
Patriots,Jaguars
Packers,Seahawks
Cowboys,Giants
Colts,Chargers
Packers,Giants
Patriots,Chargers
Patriots,Giants
Giants,Redskins
Browns,Cowboys
49ers,Cardinals
Colts,Bears
Dolphins,Jets
Titans,Jaguars
Patriots,Chiefs
Ravens,Bengals
Saints,Buccaneers
Chargers,Panthers
Bills,Seahawks
Falcons,Lions
Eagles,Rams
Steelers,Texans
Raiders,Broncos
Packers,Vikings
Browns,Steelers
Bengals,Titans
Chiefs,Raiders
Jets,Patriots
Rams,Giants
Vikings,Colts
Jaguars,Bills
Panthers,Bears
Buccaneers,Falcons
Lions,Packers
Redskins,Saints
Seahawks,49ers
Cardinals,Dolphins
Broncos,Chargers
Cowboys,Eagles
Patriots,Dolphins
Eagles,Steelers
Packers,Cowboys
Vikings,Panthers
Colts,Jaguars
Redskins,Cardinals
Bills,Raiders
Bears,Buccaneers
Giants,Bengals
Ravens,Browns
Titans,Texans
49ers,Lions
Broncos,Saints
Seahawks,Rams
Falcons,Chiefs
Chargers,Jets
Bengals,Browns
Rams,Bills
Raiders,Chargers
Panthers,Falcons
Bears,Eagles
Cowboys,Redskins
Titans,Vikings
Buccaneers,Packers
Jaguars,Texans
Saints,49ers
Chiefs,Broncos
Jets,Cardinals
Steelers,Ravens
Lions,Bears
Ravens,Titans
Broncos,Buccaneers
Dolphins,Chargers
Eagles,Redskins
Jaguars,Steelers
49ers,Patriots
Packers,Falcons
Texans,Colts
Cowboys,Bengals
Panthers,Chiefs
Cardinals,Bills
Giants,Seahawks
Saints,Vikings
Vikings,Lions
Redskins,Rams
Broncos,Jaguars
Seahawks,Packers
Falcons,Bears
Jets,Bengals
49ers,Eagles
Buccaneers,Panthers
Texans,Dolphins
Chargers,Patriots
Cardinals,Cowboys
Colts,Ravens
Saints,Raiders
Browns,Giants
Chiefs,Titans
Bengals,Steelers
Dolphins,Ravens
Redskins,Browns
Raiders,Jets
Buccaneers,Seahawks
Bills,Chargers
Texans,Lions
Giants,49ers
Panthers,Saints
Rams,Cowboys
Packers,Colts
Bears,Vikings
Patriots,Broncos
Cowboys,Buccaneers
49ers,Seahawks
Steelers,Giants
Jaguars,Browns
Lions,Redskins
Patriots,Rams
Dolphins,Bills
Eagles,Falcons
Panthers,Cardinals
Jets,Chiefs
Ravens,Raiders
Texans,Bengals
Saints,Chargers
Titans,Colts
Raiders,Falcons
Seahawks,Eagles
Rams,Cardinals
Bills,Jets
Broncos,Dolphins
Colts,Patriots
Titans,Packers
Bengals,Jaguars
Bears,Lions
Chiefs,Buccaneers
Browns,Ravens
Vikings,Texans
Giants,Cowboys
Redskins,Steelers
Browns,Broncos
Raiders,Panthers
Texans,Ravens
Bears,Titans
Lions,Jaguars
Patriots,Bills
Chargers,Chiefs
Steelers,Colts
Dolphins,Seahawks
Vikings,Packers
Eagles,Giants
Falcons,Saints
Jets,Rams
Cardinals,49ers
Patriots,Jets
Redskins,Cowboys
Steelers,Chargers
Bengals,Eagles
Jaguars,Titans
Dolphins,Raiders
Buccaneers,Vikings
Falcons,Broncos
Seahawks,Cardinals
Chiefs,Saints
Giants,Ravens
Panthers,Lions
Colts,Texans
49ers,Rams
Packers,Bears
Bills,Browns
Steelers,Bengals
Rams,Bears
Browns,Texans
Broncos,Raiders
Jaguars,Vikings
Titans,Jets
Seahawks,Redskins
Chargers,Colts
Lions,Buccaneers
Dolphins,Patriots
Cardinals,Giants
Chiefs,Bills
Cowboys,49ers
Ravens,Eagles
Falcons,Panthers
Saints,Packers
Lions,Titans
Cowboys,Seahawks
Eagles,Cardinals
Bills,49ers
Bengals,Ravens
Browns,Colts
Redskins,Giants
Patriots,Steelers
Rams,Dolphins
Raiders,Chiefs
Chargers,Falcons
Jets,Broncos
Buccaneers,Saints
Packers,Panthers
Vikings,Bears
Texans,Jaguars
Chargers,Raiders
Bills,Dolphins
Giants,Eagles
Lions,Vikings
Steelers,Cowboys
Packers,Texans
Seahawks,Patriots
Bears,Jaguars
Ravens,Redskins
49ers,Jets
Broncos,Chiefs
Titans,Browns
Saints,Falcons
Cardinals,Rams
Colts,Bengals
Panthers,Buccaneers
Bears,Saints
Ravens,Steelers
Falcons,Buccaneers
Texans,Titans
Dolphins,49ers
Cardinals,Vikings
Cowboys,Giants
Bengals,Redskins
Jaguars,Packers
Rams,Seahawks
Chiefs,Chargers
Raiders,Patriots
Panthers,Broncos
Colts,Lions
Jets,Bills
Eagles,Browns
Jaguars,Colts
Cowboys,Ravens
Browns,Bengals
Lions,Saints
Redskins,Eagles
Seahawks,Jets
Rams,49ers
Vikings,Falcons
Broncos,Bills
Buccaneers,Chargers
Raiders,Texans
Titans,Steelers
Chiefs,Dolphins
Giants,Panthers
Patriots,Cardinals
Bears,Packers
Bills,Patriots
Bengals,Chiefs
Jets,Dolphins
Vikings,Giants
Colts,Titans
Buccaneers,Raiders
Ravens,Jaguars
49ers,Redskins
Steelers,Browns
Packers,Lions
Texans,Bears
Falcons,Rams
Saints,Panthers
Cardinals,Seahawks
Eagles,Cowboys
Chargers,Broncos
Chargers,Colts
Cardinals,Falcons
Dolphins,Ravens
Vikings,Eagles
Titans,Ravens
Panthers,Cardinals
Giants,Eagles
Steelers,Chargers
Steelers,Ravens
Cardinals,Eagles
Cardinals,Steelers
Steelers,Titans
Bengals,Broncos
Texans,Jets
Panthers,Eagles
Colts,Jaguars
Cardinals,49ers
Falcons,Dolphins
Browns,Vikings
Packers,Bears
Buccaneers,Cowboys
Giants,Redskins
Seahawks,Rams
Ravens,Chiefs
Saints,Lions
Raiders,Chargers
Patriots,Bills
Redskins,Rams
Chiefs,Raiders
Lions,Vikings
Jets,Patriots
Bears,Steelers
Jaguars,Cardinals
Eagles,Saints
49ers,Seahawks
Packers,Bengals
Chargers,Ravens
Broncos,Browns
Falcons,Panthers
Cowboys,Giants
Titans,Texans
Bills,Buccaneers
Dolphins,Colts
Buccaneers,Giants
Raiders,Broncos
Bills,Saints
Cardinals,Colts
Rams,Packers
Lions,Redskins
Seahawks,Bears
Chargers,Dolphins
Bengals,Steelers
Jets,Titans
Texans,Jaguars
Patriots,Falcons
Vikings,49ers
Ravens,Browns
Eagles,Chiefs
Cowboys,Panthers
Redskins,Buccaneers
Chiefs,Giants
Broncos,Cowboys
Browns,Bengals
Saints,Jets
Patriots,Ravens
Texans,Raiders
Colts,Seahawks
49ers,Rams
Jaguars,Titans
Dolphins,Bills
Steelers,Chargers
Bears,Lions
Vikings,Packers
Bills,Browns
Titans,Colts
Rams,Vikings
49ers,Falcons
Ravens,Bengals
Panthers,Redskins
Broncos,Patriots
Chiefs,Cowboys
Lions,Steelers
Cardinals,Texans
Eagles,Buccaneers
Seahawks,Jaguars
Giants,Raiders
Dolphins,Jets
Seahawks,Cardinals
Redskins,Chiefs
Raiders,Eagles
Jets,Bills
Bengals,Texans
Falcons,Bears
Buccaneers,Panthers
Jaguars,Rams
Packers,Lions
Steelers,Browns
Vikings,Ravens
Saints,Giants
Patriots,Titans
Chargers,Broncos
Raiders,Jets
Browns,Packers
Rams,Colts
Buccaneers,Patriots
Chiefs,Chargers
Panthers,Bills
Giants,Cardinals
Texans,49ers
Steelers,Vikings
Dolphins,Saints
Cowboys,Falcons
Bengals,Bears
Redskins,Eagles
Lions,Rams
Bills,Texans
Colts,49ers
Cardinals,Panthers
Chargers,Raiders
Jets,Dolphins
Packers,Vikings
Bears,Browns
Ravens,Broncos
Titans,Jaguars
Cowboys,Seahawks
Eagles,Giants
Saints,Falcons
Eagles,Cowboys
Bengals,Ravens
Colts,Texans
Giants,Chargers
Bears,Cardinals
Jaguars,Chiefs
Patriots,Dolphins
49ers,Titans
Saints,Panthers
Falcons,Redskins
Seahawks,Lions
Buccaneers,Packers
Broncos,Steelers
49ers,Bears
Raiders,Chiefs
Steelers,Bengals
Packers,Cowboys
Jets,Jaguars
Rams,Saints
Dolphins,Buccaneers
Vikings,Lions
Redskins,Broncos
Panthers,Falcons
Cardinals,Seahawks
Chargers,Eagles
Colts,Patriots
Titans,Bills
Browns,Ravens
Panthers,Dolphins
Broncos,Chargers
Cowboys,Redskins
Buccaneers,Saints
Rams,Cardinals
Ravens,Colts
Jaguars,Bills
Raiders,Bengals
Bears,Eagles
Chiefs,Steelers
Packers,49ers
Patriots,Jets
Giants,Falcons
Vikings,Seahawks
Lions,Browns
Texans,Titans
Lions,Packers
Cowboys,Raiders
Broncos,Giants
Bengals,Browns
Jets,Panthers
Rams,Seahawks
49ers,Jaguars
Falcons,Buccaneers
Titans,Cardinals
Ravens,Steelers
Eagles,Redskins
Texans,Colts
Bills,Dolphins
Vikings,Bears
Chargers,Chiefs
Saints,Patriots
Bills,Jets
Falcons,Eagles
Chiefs,Broncos
Panthers,Buccaneers
Bears,Rams
Seahawks,49ers
Dolphins,Patriots
Bengals,Lions
Jaguars,Texans
Browns,Chargers
Steelers,Raiders
Colts,Titans
Cardinals,Vikings
Redskins,Saints
Giants,Cowboys
Packers,Ravens
Browns,Steelers
Buccaneers,Jets
Jaguars,Dolphins
Chiefs,Bills
Raiders,Redskins
Bears,Packers
Cowboys,Chargers
Patriots,Panthers
Falcons,Saints
Colts,Broncos
Vikings,Bengals
Texans,Seahawks
Giants,Eagles
Titans,Rams
Ravens,Lions
49ers,Cardinals
Jaguars,Colts
Saints,Cowboys
Jets,Falcons
Seahawks,Buccaneers
Bills,Patriots
Rams,Texans
Broncos,Raiders
Lions,Cardinals
Panthers,Vikings
Eagles,49ers
Titans,Dolphins
Chargers,Bengals
Ravens,Bears
Chiefs,Browns
Steelers,Packers
Redskins,Giants
Titans,Chargers
Redskins,Cowboys
Giants,Panthers
Colts,Jets
Bengals,Chiefs
Saints,Buccaneers
49ers,Lions
Dolphins,Texans
Browns,Raiders
Steelers,Ravens
Eagles,Broncos
Falcons,Bills
Cardinals,Rams
Patriots,Jaguars
Packers,Seahawks
Bears,Vikings
Rams,49ers
Cardinals,Packers
Buccaneers,Falcons
Seahawks,Titans
Raiders,Ravens
Panthers,Saints
Browns,Jaguars
Chargers,Redskins
Lions,Bears
Cowboys,Eagles
Dolphins,Steelers
Broncos,Chiefs
Bills,Colts
Texans,Patriots
Jets,Bengals
Vikings,Giants
Bengals,Jets
Cowboys,Eagles
Patriots,Ravens
Cardinals,Packers
Colts,Ravens
Saints,Cardinals
Chargers,Jets
Vikings,Cowboys
Colts,Jets
Saints,Vikings
Colts,Saints
Saints,Vikings
Bills,Dolphins
Redskins,Cowboys
Rams,Cardinals
Steelers,Falcons
Buccaneers,Browns
Bears,Lions
Eagles,Packers
Jaguars,Broncos
Seahawks,49ers
Giants,Panthers
Texans,Colts
Titans,Raiders
Patriots,Bengals
Jets,Ravens
Chiefs,Chargers
Panthers,Buccaneers
Vikings,Dolphins
Titans,Steelers
Browns,Chiefs
Bengals,Ravens
Raiders,Rams
Cowboys,Bears
Redskins,Texans
Jets,Patriots
Broncos,Seahawks
Lions,Eagles
Packers,Bills
Chargers,Jaguars
Colts,Giants
Falcons,Cardinals
49ers,Saints
Jaguars,Eagles
Panthers,Bengals
Giants,Titans
Texans,Cowboys
Broncos,Colts
Buccaneers,Steelers
Dolphins,Jets
Vikings,Lions
Ravens,Browns
Cardinals,Raiders
Saints,Falcons
Seahawks,Chargers
Rams,Redskins
Chiefs,49ers
Patriots,Bills
Bears,Packers
Eagles,Redskins
Steelers,Ravens
Bills,Jets
Falcons,49ers
Saints,Panthers
Giants,Bears
Rams,Seahawks
Titans,Broncos
Browns,Bengals
Raiders,Texans
Packers,Lions
Jaguars,Colts
Chargers,Cardinals
Dolphins,Patriots
Panthers,Bears
Browns,Falcons
Texans,Giants
Redskins,Packers
Colts,Chiefs
Bengals,Buccaneers
49ers,Eagles
Bills,Jaguars
Cowboys,Titans
Cardinals,Saints
Ravens,Broncos
Raiders,Chargers
Lions,Rams
Jets,Vikings
Buccaneers,Saints
49ers,Raiders
Rams,Chargers
Bears,Seahawks
Packers,Dolphins
Broncos,Jets
Patriots,Ravens
Vikings,Cowboys
Redskins,Colts
Steelers,Browns
Giants,Lions
Eagles,Falcons
Texans,Chiefs
Jaguars,Titans
Bears,Redskins
Broncos,Raiders
Saints,Browns
Buccaneers,Rams
Chargers,Patriots
Seahawks,Cardinals
Dolphins,Steelers
Panthers,49ers
Packers,Vikings
Titans,Eagles
Ravens,Bills
Falcons,Bengals
Chiefs,Jaguars
Cowboys,Giants
Jets,Packers
Chiefs,Bills
Bengals,Dolphins
Cowboys,Jaguars
Rams,Panthers
Saints,Steelers
49ers,Broncos
Patriots,Vikings
Raiders,Seahawks
Chargers,Titans
Cardinals,Buccaneers
Lions,Redskins
Colts,Texans
Panthers,Saints
Seahawks,Giants
Bills,Bears
Lions,Jets
Raiders,Chiefs
Texans,Chargers
Ravens,Dolphins
Eagles,Colts
Falcons,Buccaneers
Vikings,Cardinals
Browns,Patriots
Packers,Cowboys
Bengals,Steelers
Falcons,Ravens
Bills,Lions
Cardinals,Seahawks
Browns,Jets
Giants,Cowboys
Colts,Bengals
49ers,Rams
Steelers,Patriots
Bears,Vikings
Dolphins,Titans
Buccaneers,Panthers
Jaguars,Texans
Broncos,Chiefs
Redskins,Eagles
Dolphins,Bears
49ers,Buccaneers
Vikings,Packers
Panthers,Ravens
Titans,Redskins
Rams,Falcons
Jaguars,Browns
Eagles,Giants
Jets,Texans
Chiefs,Cardinals
Patriots,Colts
Bengals,Bills
Saints,Seahawks
Steelers,Raiders
Cowboys,Lions
Chargers,Broncos
Lions,Patriots
Jets,Bengals
Cowboys,Saints
Redskins,Vikings
Colts,Chargers
Bills,Steelers
Ravens,Buccaneers
Raiders,Dolphins
Texans,Titans
Falcons,Packers
Giants,Jaguars
Browns,Panthers
Seahawks,Chiefs
Bears,Eagles
Broncos,Rams
Cardinals,49ers
Eagles,Texans
Titans,Jaguars
Cardinals,Rams
Chiefs,Broncos
Dolphins,Browns
Ravens,Steelers
Chargers,Raiders
Lions,Bears
Buccaneers,Falcons
Bengals,Saints
Giants,Redskins
Seahawks,Panthers
Packers,49ers
Colts,Cowboys
Vikings,Bills
Patriots,Jets
Titans,Colts
Jets,Dolphins
Lions,Packers
Bears,Patriots
Panthers,Falcons
Bills,Browns
Redskins,Buccaneers
Steelers,Bengals
Cowboys,Eagles
Chargers,Chiefs
Saints,Rams
Jaguars,Raiders
49ers,Seahawks
Cardinals,Broncos
Vikings,Giants
Texans,Ravens
Chargers,49ers
Rams,Chiefs
Dolphins,Bills
Steelers,Jets
Seahawks,Falcons
Panthers,Cardinals
Bengals,Browns
Buccaneers,Lions
Ravens,Saints
Titans,Texans
Patriots,Packers
Giants,Eagles
Cowboys,Redskins
Colts,Jaguars
Raiders,Broncos
Vikings,Bears
Cardinals,Cowboys
Bills,Patriots
Browns,Ravens
Jaguars,Redskins
Broncos,Texans
Rams,49ers
Raiders,Colts
Dolphins,Lions
Chiefs,Titans
Bengals,Chargers
Buccaneers,Seahawks
Bears,Jets
Packers,Giants
Falcons,Saints
Eagles,Vikings
Browns,Steelers
Packers,Bears
Chiefs,Raiders
Ravens,Bengals
Eagles,Cowboys
Saints,Buccaneers
Redskins,Giants
Seahawks,Rams
Lions,Vikings
Colts,Titans
Broncos,Chargers
Falcons,Panthers
Texans,Jaguars
Patriots,Dolphins
Jets,Bills
49ers,Cardinals
Colts,Jets
Seahawks,Saints
Chiefs,Ravens
Eagles,Packers
Falcons,Packers
Steelers,Ravens
Patriots,Jets
Bears,Seahawks
Bears,Packers
Steelers,Jets
Packers,Steelers
Packers,Saints
Chiefs,Bills
Rams,Eagles
Jaguars,Titans
Browns,Bengals
Buccaneers,Lions
Chargers,Vikings
Jets,Cowboys
Redskins,Giants
Cardinals,Panthers
Bears,Falcons
49ers,Seahawks
Texans,Colts
Ravens,Steelers
Broncos,Raiders
Dolphins,Patriots
Dolphins,Texans
Colts,Browns
Vikings,Buccaneers
Redskins,Cardinals
Panthers,Packers
Steelers,Seahawks
Broncos,Bengals
49ers,Cowboys
Titans,Ravens
Saints,Bears
Jets,Jaguars
Patriots,Chargers
Falcons,Eagles
Bills,Raiders
Lions,Chiefs
Giants,Rams
Rams,Ravens
Bengals,49ers
Seahawks,Cardinals
Panthers,Jaguars
Buccaneers,Falcons
Eagles,Giants
Titans,Broncos
Browns,Dolphins
Bears,Packers
Chargers,Chiefs
Colts,Steelers
Vikings,Lions
Raiders,Jets
Bills,Patriots
Saints,Texans
Cowboys,Redskins
Rams,Redskins
Jaguars,Saints
Browns,Titans
Texans,Steelers
Raiders,Patriots
Chiefs,Vikings
Bengals,Bills
Eagles,49ers
Chargers,Dolphins
Cardinals,Giants
Seahawks,Falcons
Cowboys,Lions
Ravens,Jets
Bears,Panthers
Packers,Broncos
Buccaneers,Colts
Falcons,Packers
Texans,Raiders
Jaguars,Bengals
Colts,Chiefs
Broncos,Chargers
Giants,Seahawks
Panthers,Saints
Patriots,Jets
Bills,Eagles
Vikings,Cardinals
Steelers,Titans
49ers,Buccaneers
Lions,Bears
Redskins,Eagles
Steelers,Jaguars
Lions,49ers
Patriots,Cowboys
Packers,Rams
Raiders,Browns
Buccaneers,Saints
Bengals,Colts
Giants,Bills
Ravens,Texans
Falcons,Panthers
Bears,Vikings
Jets,Dolphins
Raiders,Chiefs
Browns,Seahawks
Titans,Texans
Dolphins,Broncos
Lions,Falcons
Buccaneers,Bears
Cardinals,Steelers
Jets,Chargers
Vikings,Packers
Panthers,Redskins
Cowboys,Rams
Saints,Colts
Jaguars,Ravens
Broncos,Lions
Seahawks,Bengals
49ers,Browns
Giants,Dolphins
Panthers,Vikings
Bills,Redskins
Texans,Jaguars
Steelers,Patriots
Titans,Colts
Ravens,Cardinals
Rams,Saints
Eagles,Cowboys
Chiefs,Chargers
Chiefs,Dolphins
Colts,Falcons
Redskins,49ers
Bills,Jets
Titans,Bengals
Cardinals,Rams
Steelers,Ravens
Patriots,Giants
Cowboys,Seahawks
Raiders,Broncos
Saints,Buccaneers
Texans,Browns
Chargers,Packers
Eagles,Bears
Chargers,Raiders
Colts,Jaguars
Panthers,Titans
Buccaneers,Texans
Chiefs,Broncos
Browns,Rams
Jets,Patriots
Eagles,Cardinals
Bengals,Steelers
Dolphins,Redskins
Seahawks,Ravens
Falcons,Saints
49ers,Giants
Bears,Lions
Cowboys,Bills
Packers,Vikings
Broncos,Jets
Rams,Seahawks
Giants,Eagles
Browns,Jaguars
Vikings,Raiders
49ers,Cardinals
Falcons,Titans
Redskins,Cowboys
Bears,Chargers
Ravens,Bengals
Dolphins,Bills
Packers,Buccaneers
Lions,Panthers
Patriots,Chiefs
Lions,Packers
Ravens,49ers
Cowboys,Dolphins
Chiefs,Steelers
Chargers,Broncos
Jaguars,Texans
Seahawks,Redskins
Colts,Panthers
Rams,Cardinals
Eagles,Patriots
Titans,Buccaneers
Bengals,Browns
Falcons,Vikings
Raiders,Bears
Jets,Bills
Saints,Giants
Seahawks,Eagles
Bears,Chiefs
Browns,Ravens
Texans,Falcons
Bills,Titans
Cardinals,Cowboys
Redskins,Jets
Buccaneers,Panthers
49ers,Rams
Saints,Lions
Patriots,Colts
Vikings,Broncos
Dolphins,Raiders
Steelers,Bengals
Giants,Packers
Jaguars,Chargers
Steelers,Browns
Dolphins,Eagles
Broncos,Bears
Titans,Saints
Bengals,Texans
Cardinals,49ers
Panthers,Falcons
Ravens,Colts
Redskins,Patriots
Lions,Vikings
Cowboys,Giants
Jets,Chiefs
Chargers,Bills
Jaguars,Buccaneers
Packers,Raiders
Seahawks,Rams
Falcons,Jaguars
Buccaneers,Cowboys
Giants,Redskins
Rams,Bengals
Texans,Panthers
Bears,Seahawks
Chiefs,Packers
Cardinals,Browns
Vikings,Saints
Bills,Dolphins
Broncos,Patriots
Colts,Titans
Raiders,Lions
Chargers,Ravens
Eagles,Jets
49ers,Steelers
Colts,Texans
Cowboys,Eagles
Chiefs,Raiders
Jets,Giants
Seahawks,49ers
Ravens,Browns
Bengals,Cardinals
Titans,Jaguars
Redskins,Vikings
Steelers,Rams
Patriots,Dolphins
Lions,Chargers
Bills,Broncos
Panthers,Buccaneers
Packers,Bears
Saints,Falcons
Broncos,Chiefs
Browns,Steelers
Vikings,Bears
Bengals,Ravens
Jaguars,Colts
Dolphins,Jets
Texans,Titans
Cardinals,Seahawks
Raiders,Chargers
Rams,49ers
Giants,Cowboys
Eagles,Redskins
Saints,Panthers
Packers,Lions
Patriots,Bills
Texans,Bengals
Saints,Lions
Giants,Falcons
Broncos,Steelers
49ers,Saints
Patriots,Broncos
Ravens,Texans
Packers,Giants
49ers,Giants
Patriots,Ravens
Patriots,Giants
Giants,Cowboys
Titans,Patriots
Buccaneers,Panthers
Browns,Eagles
Cardinals,Seahawks
Packers,49ers
Chiefs,Falcons
Vikings,Jaguars
Lions,Rams
Texans,Dolphins
Broncos,Steelers
Saints,Redskins
Bears,Colts
Jets,Bills
Raiders,Chargers
Ravens,Bengals
Packers,Bears
Jaguars,Texans
Patriots,Cardinals
Colts,Vikings
Eagles,Ravens
Seahawks,Cowboys
Steelers,Jets
49ers,Lions
Rams,Redskins
Bengals,Browns
Dolphins,Raiders
Bills,Chiefs
Panthers,Saints
Chargers,Titans
Giants,Buccaneers
Falcons,Broncos
Panthers,Giants
Chargers,Falcons
Browns,Bills
Cowboys,Buccaneers
Colts,Jaguars
Dolphins,Jets
Bears,Rams
Vikings,49ers
Saints,Chiefs
Broncos,Texans
Cardinals,Eagles
Ravens,Patriots
Redskins,Bengals
Raiders,Steelers
Titans,Lions
Seahawks,Packers
Ravens,Browns
Jets,49ers
Jaguars,Bengals
Lions,Vikings
Rams,Seahawks
Eagles,Giants
Chiefs,Chargers
Buccaneers,Redskins
Cardinals,Dolphins
Packers,Saints
Bills,Patriots
Falcons,Panthers
Broncos,Raiders
Texans,Titans
Cowboys,Bears
Rams,Cardinals
Jaguars,Bears
Chiefs,Ravens
Panthers,Seahawks
Bengals,Dolphins
Steelers,Eagles
Redskins,Falcons
Vikings,Titans
Colts,Packers
Patriots,Broncos
Saints,Chargers
Giants,Browns
49ers,Bills
Jets,Texans
Titans,Steelers
49ers,Giants
Cardinals,Bills
Dolphins,Rams
Falcons,Raiders
Eagles,Lions
Seahawks,Patriots
Texans,Packers
Ravens,Cowboys
Browns,Bengals
Jets,Colts
Buccaneers,Chiefs
Redskins,Vikings
Chargers,Broncos
49ers,Seahawks
Panthers,Cowboys
Colts,Browns
Bengals,Steelers
Rams,Packers
Vikings,Cardinals
Raiders,Jaguars
Giants,Redskins
Buccaneers,Saints
Patriots,Jets
Bills,Titans
Texans,Ravens
Bears,Lions
Vikings,Buccaneers
Browns,Chargers
Rams,Patriots
Jets,Dolphins
Titans,Colts
Chiefs,Raiders
Eagles,Falcons
Bears,Panthers
Packers,Jaguars
Cowboys,Giants
Steelers,Redskins
Lions,Seahawks
Broncos,Saints
Cardinals,49ers
Chargers,Chiefs
Redskins,Panthers
Jaguars,Lions
Browns,Ravens
Falcons,Cowboys
Giants,Steelers
Titans,Bears
Texans,Bills
Colts,Dolphins
Bengals,Broncos
Seahawks,Vikings
Packers,Cardinals
Raiders,Buccaneers
Saints,Eagles
Jaguars,Colts
Dolphins,Titans
Bears,Texans
Panthers,Broncos
Eagles,Cowboys
49ers,Rams
Seahawks,Jets
Bengals,Giants
Saints,Falcons
Vikings,Lions
Buccaneers,Chargers
Patriots,Bills
Ravens,Raiders
Steelers,Chiefs
Bills,Dolphins
Chiefs,Bengals
Steelers,Ravens
Rams,Jets
Raiders,Saints
Lions,Packers
Panthers,Buccaneers
Falcons,Cardinals
Cowboys,Browns
Broncos,Chargers
Redskins,Eagles
Texans,Jaguars
Patriots,Colts
49ers,Bears
Jets,Patriots
Lions,Texans
Cowboys,Redskins
Chiefs,Broncos
Chargers,Ravens
Cardinals,Rams
Colts,Bills
Browns,Steelers
Saints,49ers
Buccaneers,Falcons
Jaguars,Titans
Dolphins,Seahawks
Bears,Vikings
Bengals,Raiders
Giants,Packers
Eagles,Panthers
Falcons,Saints
Jets,Cardinals
Titans,Texans
Chargers,Bengals
Rams,49ers
Dolphins,Patriots
Raiders,Browns
Bears,Seahawks
Ravens,Steelers
Packers,Vikings
Chiefs,Panthers
Broncos,Buccaneers
Lions,Colts
Bills,Jaguars
Cowboys,Eagles
Redskins,Giants
Raiders,Broncos
Jaguars,Jets
Bills,Rams
Bengals,Cowboys
Vikings,Bears
Buccaneers,Eagles
Steelers,Chargers
49ers,Dolphins
Packers,Lions
Colts,Titans
Browns,Chiefs
Panthers,Falcons
Redskins,Ravens
Giants,Saints
Seahawks,Cardinals
Patriots,Texans
Eagles,Bengals
Chargers,Panthers
Bears,Packers
Raiders,Chiefs
Ravens,Broncos
Bills,Seahawks
Browns,Redskins
Rams,Vikings
Dolphins,Jaguars
Cowboys,Steelers
Texans,Colts
Falcons,Giants
Patriots,49ers
Cardinals,Lions
Saints,Buccaneers
Titans,Jets
Lions,Falcons
Texans,Vikings
Steelers,Bengals
Chiefs,Colts
Buccaneers,Rams
Cardinals,Bears
Jaguars,Patriots
Panthers,Raiders
Jets,Chargers
Eagles,Redskins
Dolphins,Bills
Cowboys,Saints
Ravens,Giants
Broncos,Browns
Seahawks,49ers
Packers,Titans
Falcons,Buccaneers
Seahawks,Rams
Bengals,Ravens
Steelers,Browns
Chargers,Raiders
Lions,Bears
49ers,Cardinals
Patriots,Dolphins
Bills,Jets
Colts,Texans
Redskins,Cowboys
Vikings,Packers
Broncos,Chiefs
Titans,Jaguars
Saints,Panthers
Giants,Eagles
Texans,Bengals
Packers,Vikings
Redskins,Seahawks
Ravens,Colts
Broncos,Ravens
49ers,Packers
Falcons,Seahawks
Patriots,Texans
Patriots,Ravens
Falcons,49ers
49ers,Ravens
Broncos,Ravens
Jaguars,Chiefs
Panthers,Seahawks
Steelers,Titans
Browns,Dolphins
Jets,Buccaneers
Colts,Raiders
Bills,Patriots
Saints,Falcons
Bears,Bengals
Rams,Cardinals
Lions,Vikings
49ers,Packers
Cowboys,Giants
Redskins,Eagles
Chargers,Texans
Patriots,Jets
Ravens,Browns
Buccaneers,Saints
Chiefs,Cowboys
Raiders,Jaguars
Colts,Dolphins
Giants,Broncos
Bills,Panthers
Cardinals,Lions
Seahawks,49ers
Texans,Titans
Eagles,Chargers
Falcons,Rams
Bears,Vikings
Packers,Redskins
Bengals,Steelers
Eagles,Chiefs
49ers,Colts
Titans,Chargers
Redskins,Lions
Patriots,Buccaneers
Steelers,Bears
Jets,Bills
Dolphins,Falcons
Vikings,Browns
Ravens,Texans
Cowboys,Rams
Saints,Cardinals
Bengals,Packers
Panthers,Giants
Seahawks,Jaguars
Broncos,Raiders
Rams,49ers
Jaguars,Colts
Buccaneers,Cardinals
Raiders,Redskins
Browns,Bengals
Texans,Seahawks
Bills,Ravens
Falcons,Patriots
Chargers,Cowboys
Chiefs,Giants
Vikings,Steelers
Titans,Jets
Lions,Bears
Broncos,Eagles
Saints,Dolphins
Browns,Bills
Bengals,Patriots
Titans,Chiefs
Bears,Saints
Giants,Eagles
Cardinals,Panthers
Packers,Lions
Dolphins,Ravens
Raiders,Chargers
49ers,Texans
Rams,Jaguars
Colts,Seahawks
Cowboys,Broncos
Falcons,Jets
Bears,Giants
Jets,Steelers
Vikings,Panthers
Texans,Rams
Ravens,Packers
Browns,Lions
Seahawks,Titans
Buccaneers,Eagles
Chiefs,Raiders
Bills,Bengals
Patriots,Saints
Cowboys,Redskins
49ers,Cardinals
Broncos,Jaguars
Chargers,Colts
Cardinals,Seahawks
Eagles,Cowboys
Jaguars,Chargers
Chiefs,Texans
Titans,49ers
Steelers,Ravens
Dolphins,Bills
Lions,Bengals
Panthers,Rams
Jets,Patriots
Packers,Browns
Falcons,Buccaneers
Colts,Broncos
Redskins,Bears
Giants,Vikings
Buccaneers,Panthers
Eagles,Giants
Jaguars,49ers
Raiders,Steelers
Chiefs,Browns
Cardinals,Falcons
Patriots,Dolphins
Lions,Cowboys
Vikings,Packers
Saints,Bills
Broncos,Redskins
Bengals,Jets
Rams,Seahawks
Dolphins,Bengals
Bills,Chiefs
Raiders,Eagles
Rams,Titans
Browns,Ravens
Texans,Colts
Jets,Saints
Cowboys,Vikings
Seahawks,Buccaneers
Redskins,Chargers
Panthers,Falcons
Patriots,Steelers
Packers,Bears
Vikings,Redskins
Colts,Rams
49ers,Panthers
Falcons,Seahawks
Packers,Eagles
Bears,Lions
Ravens,Bengals
Chargers,Broncos
Steelers,Bills
Giants,Raiders
Cardinals,Texans
Titans,Jaguars
Saints,Cowboys
Buccaneers,Dolphins
Titans,Colts
Jaguars,Cardinals
Dolphins,Chargers
Bears,Ravens
Saints,49ers
Texans,Raiders
Eagles,Redskins
Giants,Packers
Broncos,Chiefs
Bills,Jets
Steelers,Lions
Bengals,Browns
Seahawks,Vikings
Buccaneers,Falcons
Panthers,Patriots
Falcons,Saints
Texans,Jaguars
Browns,Steelers
Dolphins,Panthers
Ravens,Jets
Raiders,Titans
Lions,Buccaneers
Giants,Cowboys
Packers,Vikings
Patriots,Broncos
Chiefs,Chargers
Cardinals,Colts
Rams,Bears
Redskins,49ers
Ravens,Steelers
Cowboys,Raiders
Lions,Packers
Jets,Dolphins
Chargers,Bengals
Redskins,Giants
Colts,Titans
49ers,Rams
Vikings,Bears
Eagles,Cardinals
Panthers,Buccaneers
Browns,Jaguars
Chiefs,Broncos
Texans,Patriots
Bills,Falcons
Seahawks,Saints
Jaguars,Texans
Redskins,Chiefs
49ers,Seahawks
Packers,Falcons
Buccaneers,Bills
Patriots,Browns
Steelers,Dolphins
Ravens,Vikings
Cardinals,Rams
Saints,Panthers
Eagles,Lions
Chargers,Giants
Jets,Raiders
Bengals,Colts
Broncos,Titans
Bears,Cowboys
Broncos,Chargers
Giants,Seahawks
Buccaneers,49ers
Jaguars,Bills
Dolphins,Patriots
Colts,Texans
Rams,Saints
Falcons,Redskins
Panthers,Jets
Steelers,Bengals
Browns,Bears
Raiders,Chiefs
Titans,Cardinals
Cowboys,Packers
Vikings,Eagles
Lions,Ravens
Chiefs,Colts
Ravens,Patriots
Seahawks,Cardinals
Texans,Broncos
Jaguars,Titans
Panthers,Saints
Bills,Dolphins
Lions,Giants
Rams,Buccaneers
Redskins,Cowboys
Jets,Browns
Chargers,Raiders
Packers,Steelers
Bengals,Vikings
Eagles,Bears
49ers,Falcons
Dolphins,Jets
Vikings,Lions
Raiders,Broncos
Titans,Texans
Giants,Redskins
Steelers,Browns
Falcons,Panthers
Cardinals,49ers
Cowboys,Eagles
Seahawks,Rams
Chargers,Chiefs
Bears,Packers
Colts,Jaguars
Bengals,Ravens
Patriots,Bills
Saints,Buccaneers
Eagles,Saints
Colts,Chiefs
Bengals,Chargers
Packers,49ers
Seahawks,Saints
Patriots,Colts
Panthers,49ers
Broncos,Chargers
Seahawks,49ers
Broncos,Patriots
Broncos,Seahawks
Seahawks,Packers
Rams,Vikings
Chiefs,Titans
Buccaneers,Panthers
Ravens,Bengals
Texans,Redskins
Cowboys,49ers
Jets,Raiders
Bears,Bills
Steelers,Browns
Broncos,Colts
Dolphins,Patriots
Eagles,Jaguars
Falcons,Saints
Cardinals,Chargers
Lions,Giants
Ravens,Steelers
Vikings,Patriots
Titans,Cowboys
Giants,Cardinals
Raiders,Texans
Buccaneers,Rams
49ers,Bears
Panthers,Lions
Bengals,Falcons
Broncos,Chiefs
Browns,Saints
Bills,Dolphins
Chargers,Seahawks
Packers,Jets
Redskins,Jaguars
Colts,Eagles
Falcons,Buccaneers
Bills,Chargers
Dolphins,Chiefs
Patriots,Raiders
Jaguars,Colts
Lions,Packers
Panthers,Steelers
Saints,Vikings
Browns,Ravens
Cardinals,49ers
Seahawks,Broncos
Giants,Texans
Rams,Cowboys
Bengals,Titans
Eagles,Redskins
Jets,Bears
Redskins,Giants
Raiders,Dolphins
Jets,Lions
Bears,Packers
Texans,Bills
Steelers,Buccaneers
49ers,Eagles
Chargers,Jaguars
Ravens,Panthers
Cowboys,Saints
Colts,Titans
Vikings,Falcons
Chiefs,Patriots
Packers,Vikings
Jaguars,Steelers
Lions,Bills
Colts,Ravens
Cowboys,Texans
49ers,Chiefs
Titans,Browns
Giants,Falcons
Chargers,Jets
Panthers,Bears
Eagles,Rams
Saints,Buccaneers
Broncos,Cardinals
Patriots,Bengals
Redskins,Seahawks
Texans,Colts
Vikings,Lions
Falcons,Bears
Titans,Jaguars
Jets,Broncos
Buccaneers,Ravens
Bills,Patriots
Seahawks,Cowboys
Dolphins,Packers
Eagles,Giants
Raiders,Chargers
Cardinals,Redskins
Browns,Steelers
Bengals,Panthers
Rams,49ers
Patriots,Jets
Raiders,Cardinals
Bears,Dolphins
Bills,Vikings
Redskins,Titans
Chargers,Chiefs
Jaguars,Browns
Lions,Saints
Colts,Bengals
Rams,Seahawks
Ravens,Falcons
Cowboys,Giants
Packers,Panthers
Broncos,49ers
Steelers,Texans
Broncos,Chargers
Panthers,Seahawks
Buccaneers,Vikings
Jaguars,Dolphins
Titans,Texans
Falcons,Lions
Browns,Raiders
Jets,Bills
Cardinals,Eagles
Bengals,Ravens
Chiefs,Rams
Saints,Packers
Patriots,Bears
Steelers,Colts
Cowboys,Redskins
Panthers,Saints
49ers,Rams
Cowboys,Cardinals
Texans,Eagles
Browns,Buccaneers
Chiefs,Jets
Vikings,Redskins
Seahawks,Raiders
Bengals,Jaguars
Dolphins,Chargers
Patriots,Broncos
Steelers,Ravens
Giants,Colts
Bengals,Browns
Bills,Chiefs
Buccaneers,Falcons
Jaguars,Cowboys
Raiders,Broncos
Jets,Steelers
Lions,Dolphins
Ravens,Titans
Saints,49ers
Cardinals,Rams
Seahawks,Giants
Packers,Bears
Eagles,Panthers
Dolphins,Bills
Browns,Texans
Redskins,Buccaneers
Giants,49ers
Saints,Bengals
Chargers,Raiders
Cardinals,Lions
Panthers,Falcons
Colts,Patriots
Bears,Vikings
Rams,Broncos
Chiefs,Seahawks
Packers,Eagles
Titans,Steelers
Raiders,Chiefs
Texans,Bengals
49ers,Redskins
Seahawks,Cardinals
Bears,Buccaneers
Vikings,Packers
Colts,Jaguars
Falcons,Browns
Chargers,Rams
Giants,Cowboys
Patriots,Lions
Broncos,Dolphins
Eagles,Titans
Saints,Ravens
Bills,Jets
49ers,Seahawks
Cowboys,Eagles
Lions,Bears
Buccaneers,Bengals
Chiefs,Broncos
Jaguars,Giants
Bills,Browns
Packers,Patriots
Falcons,Cardinals
Vikings,Panthers
Steelers,Saints
Ravens,Chargers
Texans,Titans
Colts,Redskins
Rams,Raiders
Jets,Dolphins
Bears,Cowboys
Redskins,Rams
Titans,Giants
Saints,Panthers
Jaguars,Texans
Dolphins,Ravens
Chargers,Patriots
Eagles,Seahawks
Cardinals,Chiefs
Bengals,Steelers
Raiders,49ers
Broncos,Bills
Browns,Colts
Vikings,Jets
Lions,Buccaneers
Packers,Falcons
Rams,Cardinals
Browns,Bengals
Chargers,Broncos
Titans,Jets
Lions,Vikings
Seahawks,49ers
Colts,Texans
Panthers,Buccaneers
Ravens,Jaguars
Falcons,Steelers
Bills,Packers
Giants,Redskins
Eagles,Cowboys
Chiefs,Raiders
Patriots,Dolphins
Bears,Saints
Jaguars,Titans
Redskins,Eagles
49ers,Chargers
Buccaneers,Packers
Cardinals,Seahawks
Bears,Lions
Saints,Falcons
Jets,Patriots
Panthers,Browns
Steelers,Chiefs
Texans,Ravens
Raiders,Bills
Rams,Giants
Dolphins,Vikings
Cowboys,Colts
Bengals,Broncos
Falcons,Panthers
Patriots,Bills
Titans,Colts
Vikings,Bears
Redskins,Cowboys
Chiefs,Chargers
Seahawks,Rams
Ravens,Browns
49ers,Cardinals
Buccaneers,Saints
Texans,Jaguars
Dolphins,Jets
Giants,Eagles
Steelers,Bengals
Packers,Lions
Broncos,Raiders
Steelers,Ravens
Panthers,Cardinals
Cowboys,Lions
Colts,Bengals
Seahawks,Panthers
Patriots,Ravens
Broncos,Colts
Packers,Cowboys
Seahawks,Packers
Patriots,Colts
Seahawks,Patriots
Patriots,Steelers
Jaguars,Panthers
Redskins,Dolphins
Raiders,Bengals
Buccaneers,Titans
Broncos,Ravens
Texans,Chiefs
Bears,Packers
Bills,Colts
Cowboys,Giants
Jets,Browns
Cardinals,Saints
Chargers,Lions
Rams,Seahawks
49ers,Vikings
Falcons,Eagles
Chiefs,Broncos
Eagles,Cowboys
Saints,Buccaneers
Giants,Falcons
Jaguars,Dolphins
Bears,Cardinals
Redskins,Rams
Panthers,Texans
Bengals,Chargers
Vikings,Lions
Packers,Seahawks
Browns,Titans
Bills,Patriots
Raiders,Ravens
Steelers,49ers
Colts,Jets
Giants,Redskins
Rams,Steelers
Lions,Broncos
Dolphins,Bills
Jets,Eagles
Texans,Buccaneers
Browns,Raiders
Ravens,Bengals
Seahawks,Bears
Panthers,Saints
Cowboys,Falcons
Vikings,Chargers
Titans,Colts
Cardinals,49ers
Patriots,Jaguars
Packers,Chiefs
Steelers,Ravens
49ers,Packers
Bills,Giants
Dolphins,Jets
Colts,Jaguars
Bears,Raiders
Cardinals,Rams
Redskins,Eagles
Broncos,Vikings
Buccaneers,Panthers
Saints,Cowboys
Chargers,Browns
Bengals,Chiefs
Falcons,Texans
Seahawks,Lions
Texans,Colts
Cowboys,Patriots
Raiders,Broncos
Titans,Bills
Chiefs,Bears
Lions,Cardinals
Packers,Rams
Falcons,Redskins
Bengals,Seahawks
Giants,49ers
Ravens,Browns
Buccaneers,Jaguars
Eagles,Saints
Chargers,Steelers
Saints,Falcons
Titans,Dolphins
Vikings,Chiefs
Jaguars,Texans
Bills,Bengals
Browns,Broncos
Seahawks,Panthers
Steelers,Cardinals
49ers,Ravens
Packers,Chargers
Colts,Patriots
Jets,Redskins
Lions,Bears
Eagles,Giants
49ers,Seahawks
Titans,Falcons
Lions,Vikings
Colts,Saints
Chiefs,Steelers
Rams,Browns
Panthers,Eagles
Giants,Cowboys
Chargers,Raiders
Patriots,Jets
Redskins,Buccaneers
Jaguars,Bills
Dolphins,Texans
Cardinals,Ravens
Patriots,Dolphins
Steelers,Bengals
Cowboys,Seahawks
Texans,Titans
Falcons,Buccaneers
Bears,Vikings
Browns,Cardinals
Rams,49ers
Broncos,Packers
Ravens,Chargers
Raiders,Jets
Chiefs,Lions
Saints,Giants
Panthers,Colts
Bengals,Browns
49ers,Falcons
Buccaneers,Giants
Vikings,Rams
Patriots,Redskins
Colts,Broncos
Cowboys,Eagles
Jets,Jaguars
Saints,Titans
Bills,Dolphins
Panthers,Packers
Steelers,Raiders
Chargers,Bears
Jets,Bills
Buccaneers,Cowboys
Titans,Panthers
Broncos,Chiefs
Rams,Bears
Raiders,Vikings
Packers,Lions
Eagles,Dolphins
Ravens,Jaguars
Giants,Patriots
Steelers,Browns
Seahawks,Cardinals
Redskins,Saints
Bengals,Texans
Jaguars,Titans
Chargers,Chiefs
Vikings,Packers
Dolphins,Cowboys
Bears,Broncos
Ravens,Rams
Eagles,Buccaneers
Lions,Raiders
Falcons,Colts
Texans,Jets
Seahawks,49ers
Cardinals,Bengals
Panthers,Redskins
Patriots,Bills
Packers,Bears
Cowboys,Panthers
Lions,Eagles
Falcons,Vikings
49ers,Cardinals
Redskins,Giants
Titans,Raiders
Texans,Saints
Colts,Buccaneers
Jaguars,Chargers
Chiefs,Bills
Broncos,Patriots
Bengals,Rams
Jets,Dolphins
Seahawks,Steelers
Browns,Ravens
Lions,Packers
Chargers,Broncos
Rams,Cardinals
Browns,Bengals
Vikings,Seahawks
Dolphins,Ravens
Giants,Jets
Bears,49ers
Raiders,Chiefs
Buccaneers,Falcons
Patriots,Eagles
Bills,Texans
Saints,Panthers
Titans,Jaguars
Steelers,Colts
Redskins,Cowboys
Cardinals,Vikings
Texans,Patriots
Ravens,Seahawks
Chiefs,Chargers
Broncos,Raiders
Buccaneers,Saints
Bengals,Steelers
Rams,Lions
Bears,Redskins
Eagles,Bills
Browns,49ers
Packers,Cowboys
Jets,Titans
Panthers,Falcons
Jaguars,Colts
Dolphins,Giants
Rams,Buccaneers
Cowboys,Jets
Colts,Texans
49ers,Bengals
Ravens,Chiefs
Jaguars,Falcons
Eagles,Cardinals
Raiders,Packers
Seahawks,Browns
Chargers,Dolphins
Patriots,Titans
Steelers,Broncos
Redskins,Bills
Giants,Panthers
Vikings,Bears
Saints,Lions
Raiders,Chargers
Eagles,Redskins
Titans,Texans
Dolphins,Colts
Bills,Cowboys
Chiefs,Browns
Seahawks,Rams
Falcons,Panthers
Ravens,Steelers
Buccaneers,Bears
Jets,Patriots
Lions,49ers
Cardinals,Packers
Saints,Jaguars
Vikings,Giants
Broncos,Bengals
Cardinals,Seahawks
Browns,Steelers
Packers,Vikings
Falcons,Saints
49ers,Rams
Dolphins,Patriots
Bears,Lions
Bills,Jets
Chiefs,Raiders
Cowboys,Redskins
Bengals,Ravens
Broncos,Chargers
Texans,Jaguars
Colts,Titans
Giants,Eagles
Panthers,Buccaneers
Texans,Chiefs
Bengals,Steelers
Vikings,Seahawks
Redskins,Packers
Cardinals,Packers
Patriots,Chiefs
Broncos,Steelers
Panthers,Seahawks
Broncos,Patriots
Panthers,Cardinals
Broncos,Panthers
Broncos,Panthers
Seahawks,Dolphins
Ravens,Bills
Titans,Vikings
Cowboys,Giants
Cardinals,Patriots
Jets,Bengals
Texans,Bears
Jaguars,Packers
Falcons,Buccaneers
Eagles,Browns
Chiefs,Chargers
Saints,Raiders
Colts,Lions
Redskins,Steelers
49ers,Rams
Bills,Jets
Rams,Seahawks
Lions,Titans
Giants,Saints
Vikings,Packers
Texans,Chiefs
Browns,Ravens
Redskins,Cowboys
Steelers,Bengals
Raiders,Falcons
Patriots,Dolphins
Broncos,Colts
Chargers,Jaguars
Cardinals,Buccaneers
Panthers,49ers
Bears,Eagles
Patriots,Texans
Titans,Raiders
Panthers,Vikings
Jaguars,Ravens
Bengals,Broncos
Chiefs,Jets
Colts,Chargers
Giants,Redskins
Dolphins,Browns
Cowboys,Bears
Buccaneers,Rams
Bills,Cardinals
Eagles,Steelers
Packers,Lions
Seahawks,49ers
Saints,Falcons
Bengals,Dolphins
Patriots,Bills
Buccaneers,Broncos
Cardinals,Rams
Bears,Lions
49ers,Cowboys
Jets,Seahawks
Texans,Titans
Ravens,Raiders
Jaguars,Colts
Redskins,Browns
Chargers,Saints
Steelers,Chiefs
Falcons,Panthers
Vikings,Giants
49ers,Cardinals
Ravens,Redskins
Browns,Patriots
Broncos,Falcons
Dolphins,Titans
Rams,Bills
Packers,Giants
Lions,Eagles
Cowboys,Bengals
Colts,Bears
Vikings,Texans
Steelers,Jets
Raiders,Chargers
Panthers,Buccaneers
Chargers,Broncos
Raiders,Chiefs
Bears,Jaguars
Packers,Cowboys
Texans,Colts
Seahawks,Falcons
Redskins,Eagles
Giants,Ravens
Titans,Browns
Dolphins,Steelers
Lions,Rams
Patriots,Bengals
Saints,Panthers
Bills,49ers
Cardinals,Jets
Packers,Bears
Cardinals,Seahawks
Rams,Giants
Steelers,Patriots
Jaguars,Raiders
49ers,Buccaneers
Lions,Redskins
Eagles,Vikings
Jets,Ravens
Titans,Colts
Chiefs,Saints
Dolphins,Bills
Falcons,Chargers
Bengals,Browns
Broncos,Texans
Titans,Jaguars
Colts,Chiefs
Texans,Lions
Buccaneers,Raiders
Saints,Seahawks
Bills,Patriots
Broncos,Chargers
Bengals,Redskins
Browns,Jets
Cowboys,Eagles
Panthers,Cardinals
Falcons,Packers
Bears,Vikings
Buccaneers,Falcons
Rams,Panthers
Browns,Cowboys
Vikings,Lions
Chiefs,Jaguars
Ravens,Steelers
49ers,Saints
Packers,Colts
Dolphins,Jets
Giants,Eagles
Raiders,Broncos
Chargers,Titans
Seahawks,Bills
Ravens,Browns
Jets,Rams
Panthers,Chiefs
Jaguars,Texans
Cardinals,49ers
Saints,Broncos
Eagles,Falcons
Chargers,Dolphins
Patriots,Seahawks
Redskins,Vikings
Steelers,Cowboys
Buccaneers,Bears
Titans,Packers
Giants,Bengals
Panthers,Saints
Browns,Steelers
Rams,Dolphins
Bengals,Bills
Chiefs,Buccaneers
49ers,Patriots
Giants,Bears
Colts,Titans
Seahawks,Eagles
Lions,Jaguars
Cowboys,Ravens
Vikings,Cardinals
Redskins,Packers
Raiders,Texans
Colts,Steelers
Lions,Vikings
Cowboys,Redskins
Texans,Chargers
Browns,Giants
Buccaneers,Seahawks
Jets,Patriots
Ravens,Bengals
Bears,Titans
Broncos,Chiefs
Bills,Jaguars
Dolphins,49ers
Raiders,Panthers
Falcons,Cardinals
Saints,Rams
Eagles,Packers
Vikings,Cowboys
Jaguars,Broncos
Saints,Lions
Packers,Texans
Chargers,Buccaneers
Steelers,Giants
Bears,49ers
Patriots,Rams
Falcons,Chiefs
Cardinals,Redskins
Bengals,Eagles
Ravens,Dolphins
Raiders,Bills
Seahawks,Panthers
Jets,Colts
Chiefs,Raiders
Giants,Cowboys
Browns,Bengals
Titans,Broncos
Rams,Falcons
Buccaneers,Saints
Jaguars,Vikings
Colts,Texans
49ers,Jets
Lions,Bears
Bills,Steelers
Eagles,Redskins
Dolphins,Cardinals
Panthers,Chargers
Packers,Seahawks
Patriots,Ravens
Seahawks,Rams
Jets,Dolphins
Broncos,Patriots
Vikings,Colts
Chargers,Raiders
Giants,Lions
Chiefs,Titans
Bengals,Steelers
Texans,Jaguars
Cowboys,Buccaneers
Ravens,Eagles
Bears,Packers
Bills,Browns
Falcons,49ers
Cardinals,Saints
Redskins,Panthers
Eagles,Giants
Texans,Bengals
Panthers,Falcons
Browns,Chargers
Rams,49ers
Bears,Redskins
Saints,Buccaneers
Bills,Dolphins
Seahawks,Cardinals
Raiders,Colts
Jaguars,Titans
Packers,Vikings
Patriots,Jets
Steelers,Ravens
Chiefs,Broncos
Cowboys,Lions
Rams,Cardinals
Redskins,Giants
Dolphins,Patriots
Buccaneers,Panthers
49ers,Seahawks
Broncos,Raiders
Titans,Texans
Colts,Jaguars
Lions,Packers
Bengals,Ravens
Eagles,Cowboys
Steelers,Browns
Chargers,Chiefs
Jets,Bills
Vikings,Bears
Falcons,Saints
Seahawks,Lions
Texans,Raiders
Steelers,Dolphins
Packers,Giants
Patriots,Texans
Falcons,Seahawks
Chiefs,Steelers
Cowboys,Packers
Patriots,Steelers
Falcons,Packers
Falcons,Patriots
Patriots,Chiefs
Bengals,Ravens
49ers,Panthers
Texans,Jaguars
Titans,Raiders
Packers,Seahawks
Bears,Falcons
Redskins,Eagles
Browns,Steelers
Cowboys,Giants
Bills,Jets
Lions,Cardinals
Rams,Colts
Broncos,Chargers
Vikings,Saints
Bengals,Texans
Panthers,Bills
Seahawks,49ers
Colts,Cardinals
Jaguars,Titans
Chargers,Dolphins
Rams,Redskins
Saints,Patriots
Ravens,Browns
Steelers,Vikings
Chiefs,Eagles
Buccaneers,Bears
Falcons,Packers
Broncos,Cowboys
Raiders,Jets
Giants,Lions
49ers,Rams
Chargers,Chiefs
Panthers,Saints
Jets,Dolphins
Bears,Steelers
Bills,Broncos
Lions,Falcons
Redskins,Raiders
Eagles,Giants
Packers,Bengals
Colts,Browns
Titans,Seahawks
Vikings,Buccaneers
Patriots,Texans
Jaguars,Ravens
Cardinals,Cowboys
Packers,Bears
Dolphins,Saints
Vikings,Lions
Browns,Bengals
Ravens,Steelers
Broncos,Raiders
Falcons,Bills
Cardinals,49ers
Jets,Jaguars
Chargers,Eagles
Buccaneers,Giants
Patriots,Panthers
Cowboys,Rams
Seahawks,Colts
Texans,Titans
Chiefs,Redskins
Buccaneers,Patriots
Steelers,Jaguars
Rams,Seahawks
Browns,Jets
Dolphins,Titans
Raiders,Ravens
Bengals,Bills
Giants,Chargers
Lions,Panthers
Colts,49ers
Cowboys,Packers
Eagles,Cardinals
Texans,Chiefs
Bears,Vikings
Panthers,Eagles
Broncos,Giants
Chiefs,Steelers
Raiders,Chargers
Falcons,Dolphins
Jets,Patriots
Jaguars,Rams
Vikings,Packers
Ravens,Bears
Redskins,49ers
Texans,Browns
Cardinals,Buccaneers
Saints,Lions
Titans,Colts
Raiders,Chiefs
Colts,Jaguars
Giants,Seahawks
Browns,Titans
49ers,Cowboys
Bears,Panthers
Packers,Saints
Chargers,Broncos
Patriots,Falcons
Vikings,Ravens
Steelers,Bengals
Bills,Buccaneers
Dolphins,Jets
Rams,Cardinals
Eagles,Redskins
Ravens,Dolphins
Buccaneers,Panthers
Lions,Steelers
Browns,Vikings
Redskins,Cowboys
Saints,Bears
Jets,Falcons
Patriots,Chargers
Bengals,Colts
Eagles,49ers
Bills,Raiders
Seahawks,Texans
Chiefs,Broncos
Jets,Bills
49ers,Cardinals
Seahawks,Redskins
Texans,Colts
Giants,Rams
Panthers,Falcons
Jaguars,Bengals
Titans,Ravens
Dolphins,Raiders
Cowboys,Chiefs
Saints,Buccaneers
Eagles,Broncos
Packers,Lions
Cardinals,Seahawks
Bills,Saints
Buccaneers,Jets
Bears,Packers
Broncos,Patriots
Colts,Steelers
Jaguars,Chargers
Titans,Bengals
Falcons,Cowboys
Redskins,Vikings
49ers,Giants
Rams,Texans
Lions,Browns
Panthers,Dolphins
Steelers,Titans
Packers,Ravens
Browns,Jaguars
Raiders,Patriots
Cowboys,Eagles
Giants,Chiefs
Broncos,Bengals
Dolphins,Buccaneers
Vikings,Rams
Bears,Lions
Texans,Cardinals
Saints,Redskins
Chargers,Bills
Seahawks,Falcons
Cowboys,Chargers
Redskins,Giants
Lions,Vikings
Chiefs,Bills
49ers,Seahawks
Colts,Titans
Raiders,Broncos
Rams,Saints
Cardinals,Jaguars
Jets,Panthers
Bengals,Browns
Eagles,Bears
Steelers,Packers
Falcons,Buccaneers
Patriots,Dolphins
Ravens,Texans
Cowboys,Redskins
Bills,Patriots
Falcons,Vikings
Bears,49ers
Cardinals,Rams
Chargers,Browns
Seahawks,Eagles
Titans,Texans
Raiders,Giants
Packers,Buccaneers
Jaguars,Colts
Saints,Panthers
Dolphins,Broncos
Jets,Chiefs
Ravens,Lions
Bengals,Steelers
Falcons,Saints
Bengals,Bears
Giants,Cowboys
Cardinals,Titans
Bills,Colts
Texans,49ers
Buccaneers,Lions
Browns,Packers
Broncos,Jets
Chiefs,Raiders
Chargers,Redskins
Jaguars,Seahawks
Panthers,Vikings
Rams,Eagles
Steelers,Ravens
Dolphins,Patriots
Colts,Broncos
Lions,Bears
Chiefs,Chargers
Seahawks,Rams
Browns,Ravens
Raiders,Cowboys
Redskins,Cardinals
Bills,Dolphins
Steelers,Patriots
49ers,Titans
Giants,Eagles
Saints,Jets
Panthers,Packers
Vikings,Bengals
Jaguars,Texans
Buccaneers,Falcons
Packers,Vikings
Ravens,Colts
Jets,Chargers
Cowboys,Seahawks
Bears,Browns
Panthers,Buccaneers
Cardinals,Giants
Saints,Falcons
Titans,Rams
Bengals,Lions
Redskins,Broncos
Chiefs,Dolphins
Patriots,Bills
49ers,Jaguars
Texans,Steelers
Eagles,Raiders
Eagles,Cowboys
Rams,49ers
Titans,Jaguars
Dolphins,Bills
Giants,Redskins
Falcons,Panthers
Colts,Texans
Vikings,Bears
Seahawks,Cardinals
Broncos,Chiefs
Patriots,Jets
Ravens,Bengals
Steelers,Browns
Chargers,Raiders
Buccaneers,Saints
Lions,Packers
Rams,Falcons
Chiefs,Titans
Jaguars,Bills
Saints,Panthers
Eagles,Falcons
Patriots,Titans
Vikings,Saints
Steelers,Jaguars
Patriots,Jaguars
Eagles,Vikings
Patriots,Eagles
Eagles,Falcons
Cardinals,Redskins
Giants,Jaguars
Panthers,Cowboys
Browns,Steelers
Colts,Bengals
Vikings,49ers
Packers,Bears
Dolphins,Titans
Patriots,Texans
Broncos,Seahawks
Chargers,Chiefs
Saints,Buccaneers
Ravens,Bills
Raiders,Rams
Lions,Jets
Bengals,Ravens
Redskins,Colts
Jets,Dolphins
Cowboys,Giants
Titans,Texans
Broncos,Raiders
Bills,Chargers
Saints,Browns
Buccaneers,Eagles
Packers,Vikings
49ers,Lions
Jaguars,Patriots
Falcons,Panthers
Rams,Cardinals
Steelers,Chiefs
Bears,Seahawks
Browns,Jets
Jaguars,Titans
Vikings,Bills
Cardinals,Bears
Eagles,Colts
Texans,Giants
Seahawks,Cowboys
Lions,Patriots
Ravens,Broncos
Dolphins,Raiders
Redskins,Packers
Panthers,Bengals
Rams,Chargers
Falcons,Saints
Chiefs,49ers
Buccaneers,Steelers
Rams,Vikings
Steelers,Ravens
Cardinals,Seahawks
Giants,Saints
Packers,Bills
Titans,Eagles
Cowboys,Lions
Chargers,49ers
Jaguars,Jets
Colts,Texans
Falcons,Bengals
Patriots,Dolphins
Raiders,Browns
Bears,Buccaneers
Broncos,Chiefs
Patriots,Colts
Browns,Ravens
Bills,Titans
49ers,Cardinals
Texans,Cowboys
Eagles,Vikings
Chargers,Raiders
Bengals,Dolphins
Chiefs,Jaguars
Lions,Packers
Seahawks,Rams
Panthers,Giants
Jets,Broncos
Steelers,Falcons
Saints,Redskins
Giants,Eagles
Titans,Ravens
Raiders,Seahawks
Browns,Chargers
Texans,Bills
Broncos,Rams
Bengals,Steelers
Redskins,Panthers
Vikings,Cardinals
Dolphins,Bears
Falcons,Buccaneers
Cowboys,Jaguars
Jets,Colts
Patriots,Chiefs
Packers,49ers
Cardinals,Broncos
Jaguars,Texans
49ers,Rams
Eagles,Panthers
Jets,Vikings
Redskins,Cowboys
Chargers,Titans
Dolphins,Lions
Ravens,Saints
Buccaneers,Browns
Bears,Patriots
Colts,Bills
Chiefs,Bengals
Falcons,Giants
Texans,Dolphins
Giants,Redskins
Lions,Seahawks
Cardinals,49ers
Jaguars,Eagles
Vikings,Saints
Bears,Jets
Raiders,Colts
Rams,Packers
Chiefs,Broncos
Steelers,Browns
Panthers,Ravens
Bengals,Buccaneers
Bills,Patriots
49ers,Raiders
Bills,Bears
Dolphins,Jets
Redskins,Falcons
Ravens,Steelers
Broncos,Texans
Seahawks,Chargers
Browns,Chiefs
Vikings,Lions
Patriots,Packers
Panthers,Buccaneers
Saints,Rams
Cowboys,Titans
Steelers,Panthers
Buccaneers,Redskins
Raiders,Chargers
Jets,Bills
Bengals,Saints
Eagles,Cowboys
Chiefs,Cardinals
Browns,Falcons
Colts,Jaguars
Packers,Dolphins
Titans,Patriots
Bears,Lions
Rams,Seahawks
49ers,Giants
Seahawks,Packers
Jaguars,Steelers
Falcons,Cowboys
Lions,Panthers
Redskins,Texans
Cardinals,Raiders
Chargers,Broncos
Ravens,Bengals
Bears,Vikings
Colts,Titans
Giants,Buccaneers
Saints,Eagles
Rams,Chiefs
Lions,Bears
Saints,Falcons
Cowboys,Redskins
Jets,Patriots
Bengals,Browns
Broncos,Steelers
Vikings,Packers
Bills,Jaguars
Eagles,Giants
Buccaneers,49ers
Colts,Dolphins
Panthers,Seahawks
Ravens,Raiders
Chargers,Cardinals
Texans,Titans
Cowboys,Saints
Jaguars,Colts
Bengals,Broncos
Falcons,Ravens
Lions,Rams
Packers,Cardinals
Dolphins,Bills
Patriots,Vikings
Buccaneers,Panthers
Titans,Jets
Texans,Browns
Giants,Bears
Steelers,Chargers
Raiders,Chiefs
Seahawks,49ers
Eagles,Redskins
Titans,Jaguars
Cardinals,Lions
Buccaneers,Saints
Bears,Rams
Redskins,Giants
49ers,Broncos
Texans,Colts
Bills,Jets
Raiders,Steelers
Browns,Panthers
Chargers,Bengals
Chiefs,Ravens
Cowboys,Eagles
Packers,Falcons
Dolphins,Patriots
Seahawks,Vikings
Chiefs,Chargers
Broncos,Browns
Jets,Texans
Giants,Titans
Jaguars,Redskins
Bills,Lions
Steelers,Patriots
Ravens,Buccaneers
Colts,Cowboys
Rams,Eagles
Bears,Packers
49ers,Seahawks
Bengals,Raiders
Falcons,Cardinals
Vikings,Dolphins
Panthers,Saints
Chargers,Ravens
Titans,Redskins
Dolphins,Jaguars
49ers,Bears
Lions,Vikings
Cardinals,Rams
Panthers,Falcons
Patriots,Bills
Browns,Bengals
Cowboys,Buccaneers
Colts,Giants
Saints,Steelers
Eagles,Texans
Seahawks,Chiefs
Jets,Packers
Raiders,Broncos
Redskins,Eagles
Packers,Lions
Broncos,Chargers
Vikings,Bears
Saints,Panthers
Steelers,Bengals
Titans,Colts
Texans,Jaguars
Ravens,Browns
Seahawks,Cardinals
Buccaneers,Falcons
Chiefs,Raiders
Giants,Cowboys
Patriots,Jets
Bills,Dolphins
Rams,49ers
Texans,Colts
Cowboys,Seahawks
Bears,Eagles
Ravens,Chargers
Rams,Cowboys
Chiefs,Colts
Saints,Eagles
Patriots,Chargers
Saints,Rams
Chiefs,Patriots
Rams,Patriots
Bears,Packers
Dolphins,Ravens
Browns,Titans
Jets,Bills
Buccaneers,49ers
Seahawks,Bengals
Jaguars,Chiefs
Cardinals,Lions
Panthers,Rams
Vikings,Falcons
Chargers,Colts
Eagles,Redskins
Patriots,Steelers
Cowboys,Giants
Raiders,Broncos
Saints,Texans
Panthers,Buccaneers
Dolphins,Patriots
Raiders,Chiefs
Lions,Chargers
Texans,Jaguars
Broncos,Bears
Giants,Bills
Titans,Colts
Bengals,49ers
Packers,Vikings
Redskins,Cowboys
Ravens,Cardinals
Falcons,Eagles
Steelers,Seahawks
Rams,Saints
Jets,Browns
Jaguars,Titans
Browns,Rams
Chargers,Texans
Cardinals,Panthers
Bills,Bengals
49ers,Steelers
Eagles,Lions
Packers,Broncos
Colts,Falcons
Seahawks,Saints
Patriots,Jets
Cowboys,Dolphins
Buccaneers,Giants
Chiefs,Ravens
Vikings,Raiders
Redskins,Bears
Packers,Eagles
Bills,Patriots
Texans,Panthers
Falcons,Titans
Cardinals,Seahawks
Dolphins,Chargers
Saints,Cowboys
Bears,Vikings
Giants,Redskins
Broncos,Jaguars
Colts,Raiders
Ravens,Browns
Lions,Chiefs
Rams,Buccaneers
Steelers,Bengals
Seahawks,Rams
Titans,Bills
Redskins,Patriots
Giants,Vikings
Chiefs,Colts
Chargers,Broncos
Bengals,Cardinals
Steelers,Ravens
Raiders,Bears
Cowboys,Packers
Eagles,Jets
Saints,Buccaneers
Panthers,Jaguars
Texans,Falcons
49ers,Browns
Patriots,Giants
Jaguars,Saints
Rams,49ers
Broncos,Titans
Dolphins,Redskins
Chargers,Steelers
Ravens,Bengals
Jets,Cowboys
Chiefs,Texans
Buccaneers,Panthers
Browns,Seahawks
Cardinals,Falcons
Vikings,Eagles
Packers,Lions
Broncos,Chiefs
Redskins,49ers
Falcons,Rams
Seahawks,Ravens
Bengals,Jaguars
Giants,Cardinals
Titans,Chargers
Bears,Saints
Colts,Texans
Lions,Vikings
Bills,Dolphins
Cowboys,Eagles
Packers,Raiders
Jets,Patriots
Vikings,Redskins
Bills,Eagles
Colts,Broncos
Bears,Chargers
Falcons,Seahawks
Rams,Bengals
Chiefs,Packers
Patriots,Browns
Titans,Buccaneers
Texans,Raiders
Jaguars,Jets
Saints,Cardinals
Lions,Giants
49ers,Panthers
Steelers,Dolphins
Cardinals,49ers
Jaguars,Texans
Eagles,Bears
Bills,Redskins
Broncos,Browns
Chargers,Packers
Dolphins,Jets
Chiefs,Vikings
Steelers,Colts
Panthers,Titans
Raiders,Lions
Ravens,Patriots
Seahawks,Buccaneers
Giants,Cowboys
Raiders,Chargers
Saints,Falcons
Colts,Dolphins
Bengals,Ravens
Steelers,Rams
Browns,Bills
Bears,Lions
Packers,Panthers
Cowboys,Vikings
Buccaneers,Cardinals
Jets,Giants
Titans,Chiefs
49ers,Seahawks
Browns,Steelers
Panthers,Falcons
Eagles,Patriots
Rams,Bears
Raiders,Bengals
Buccaneers,Saints
Redskins,Jets
Dolphins,Bills
Vikings,Broncos
Lions,Cowboys
Colts,Jaguars
49ers,Cardinals
Ravens,Texans
Chargers,Chiefs
Texans,Colts
Eagles,Seahawks
Bengals,Steelers
Patriots,Cowboys
Bears,Giants
Redskins,Lions
Bills,Broncos
Falcons,Buccaneers
Jets,Raiders
Saints,Panthers
49ers,Packers
Browns,Dolphins
Titans,Jaguars
Rams,Ravens
Cowboys,Bills
Falcons,Saints
Lions,Bears
Cardinals,Rams
Jaguars,Buccaneers
Giants,Packers
Colts,Titans
Steelers,Browns
Ravens,49ers
Panthers,Redskins
Bengals,Jets
Broncos,Chargers
Texans,Patriots
Dolphins,Eagles
Chiefs,Raiders
Seahawks,Vikings
Bears,Cowboys
Jaguars,Chargers
Patriots,Chiefs
Cardinals,Steelers
Bills,Ravens
Vikings,Lions
Packers,Redskins
Raiders,Titans
Jets,Dolphins
Texans,Broncos
Browns,Bengals
Rams,Seahawks
Buccaneers,Colts
Falcons,Panthers
Saints,49ers
Eagles,Giants
Ravens,Jets
Steelers,Bills
Chargers,Vikings
Bengals,Patriots
Raiders,Jaguars
Lions,Buccaneers
Packers,Bears
Titans,Texans
49ers,Falcons
Chiefs,Broncos
Panthers,Seahawks
Redskins,Eagles
Giants,Dolphins
Cardinals,Browns
Cowboys,Rams
Saints,Colts
Buccaneers,Texans
Patriots,Bills
49ers,Rams
Bears,Chiefs
Seahawks,Cardinals
Browns,Ravens
Jets,Steelers
Eagles,Cowboys
Chargers,Raiders
Falcons,Jaguars
Broncos,Lions
Titans,Saints
Redskins,Giants
Colts,Panthers
Dolphins,Bengals
Vikings,Packers
Bills,Jets
Panthers,Saints
Texans,Titans
Broncos,Raiders
Giants,Eagles
Vikings,Bears
Lions,Packers
Seahawks,49ers
Buccaneers,Falcons
Patriots,Dolphins
Ravens,Steelers
Chiefs,Chargers
Rams,Cardinals
Bengals,Browns
Jaguars,Colts
Cowboys,Redskins
Patriots,Titans
Texans,Bills
Eagles,Seahawks
Saints,Vikings
Ravens,Titans
49ers,Vikings
Packers,Seahawks
Chiefs,Texans
Chiefs,Titans
49ers,Packers
Chiefs,49ers
